Marca temporal,Departamento,Localidad,Número de liceo,Docente/s,Horarios por docente en el observatorio,Telescopio principal,Accesorios,Otros,Dirección de correo electrónico,Bibliografía,Enlace a bitácora,Contacto/s,Otros telescopios,Proyectos,Estado del telescopio principal,Observaciones generales o comentarios adicionales:,Suba imágenes de lo declarado en el inventario. Se podrán subir hasta 10 archivos.
,,,,,,,,,,,,,,,,,
7/5/2026,Rivera,Rivera,7,Lorena Leivas,,"Telescopio Meade LX90","* Cargador MEADE O'7202 #918A Diagonal Prism (1.25”) 10/08/23 encontrado
*DVD AutoStar Suite 10/08/23 encontrado
* 3 llaves Allen 10/08/23 encontrado
* con manopla inalámbrica y buscador                      
*Brújula pequeña (asociada al telescopio)     	
*Filtro Solar
*lente Barlow x2
*lente 6 mm
*lente 8 mm
*lente 17 mm
*lente 26 mm
*lente 32 mm
*filtro naranja n° 21
*filtro azul n° 80A
*filtro verde n° 56 y n° 58
*filtro rojo n° 25
*filtro amarillo n° 12
*filtro ND 0.9 Luna
 

19/11/2025 Recibimos el telescopio Celestron: premio de los estudiantes de 3º EMS
 Además, contamos con:
*Binoculares
*Brújula
*Puntero Láser","* Rampa  removible de acceso para la terraza para personas con discapacidad motriz.
* Ventilador
*Cartelera
*Pizarrón móvil
* Sillas 
*Amario 
* Cortinas 
* Cañón conseguido el 5/05/25
*Parlante Charge5 de color celeste  recibido en noviembre del año 2025
 
Láminas:
1. 	“Carta Estelar y evolución estelar” x2
2.	“La causa de las estaciones” x2
3.	“Luna y sus fases” x2
4.	“Asteroides y Sistema Solar”
5.	“Sol y la Tierra y su atmósfera”
6.	“Vía Láctea y evolución del universo”",,"Biblioteca del Liceo 
Libro Astrolabio edición 2016 hay un ejemplar 1.
Libro Astrolabio edición 2009 haya 5 ejemplares. 
Cartas estelares hay 20 ejemplares.
Libro de ASTROFÍSICA 1 ejemplar.",,,,,,,
8/5/2026,Rivera,Rivera,1,,,"1 Telescopio reflector Meade
LXD 75 EMC","1 Trípode 
Cabeza del trípode 
Vástago roscado 
Botones de presión 
Botones de extensión 
Botones de bloqueo 
3 oculares (1 de 6,4 mm, 1 de 10mm,
1 de 26 mm).

Todos en buen
estado.
1 lente Barlow 2 x Telenegative 
1 filtro de color negro 

1 Buscador 
1 control de manejo Autostar con cordón
espiral

 El cordón espiral está en
mal estado, ya que se
encuentra roto y una parte
envuelta en una cinta
aisladora a negra.

1 cargador de 12 V. 
1 Batería azul, funciona bien (Según el
anterior encargado Prof. Nestor
Bustamante)



1 tapa de protección del telescopio contra el
polvo.



1 filtro para la observación del
Sol.



1 Laser color verde (se encuentra flojo y
sin pilas)



Un alargue con un solo enchufe, cuyo
cable (blanco) tiene una extensión de
aprox. 10 m","1 cartelera de espuma plas (se encuentra
colgada y en ella hay fotos de registros de
observaciones)



1 Carta Estelar grande que se encuentra
colgada de aproximadamente 1 m x 1 m



1 Cartelera sobre: Eclipses y Fases de la
Luna



1 Cartelera sobre: El Sol (capas y
fenómenos), la Tierra y su atmosfera.

1 Cartelera sobre: la órbita terrestre, la
inclinación del eje terrestre, la eclíptica.
Las causas de las estaciones y la
trayectoria del Sol en la bóveda celeste.



1 Cartelera sobre: Estrellas y evolución
estelar. Diagrama HR. Carta estelar.



1 Cartelera sobre: Sistemas solar, cuerpos
que integran el Sistema Solar, planetas
jovianos, telúricos, Sol y datos. Asteroides,
cometas y satélites naturales.



1 cartelera sobre: la Vía Láctea, diferentes
nebulosas y evolución del Universo.



- Cartelería sobre temática de la disciplina con la que cuenta el salón del
observatorio:
o 2 carteleras de espuma plas en ellas hay informaciones referentes a horarios,
noticias sobre la disciplina, eventos astronómicos, etc.
o 1 Carta Estelar grande que se encuentra colgada de aproximadamente 1 m x 1 m
o 1 Cartelera sobre: Eclipses y Fases de la Luna
o 1 Cartelera sobre: El Sol (capas y fenómenos), la Tierra y su atmosfera.
o 1 Cartelera sobre: la órbita terrestre, la inclinación del eje terrestre, la eclíptica. Las
causas de las estaciones y la trayectoria del Sol en la bóveda celeste.
o 1 Cartelera sobre: Estrellas y evolución estelar. Diagrama HR. Carta estelar.
o 1 Cartelera sobre: Sistemas solar, cuerpos que integran el Sistema Solar, planetas
jovianos, telúricos, Sol y datos. Asteroides, cometas y satélites naturales.
o 1 cartelera sobre: la Vía Láctea, diferentes nebulosas y evolución del Universo.
Todos los carteles mencionados se encuentran colgados, distribuidos en el espacio físico
del observatorio y se encuentran en buen estado.
• Cabe destacar que en el espacio físico del observatorio solamente funciona un tubo de
luz, no funciona el único enchufe que cuenta el salón.
• También cuenta con:

- con una mesa grande de madera (luego de la obra realizada quedo
en el recinto).
- 5 sillas de salones (aula), 1 escritorio para el docente y una silla
giratoria color rojo.
- 1 escoba
- 1 papelera (tacho de pintura)",,,,,,,,,
9/5/2026,Soriano,Dolores,1,Alejandra Banchero,,"Telescopio Celestron:
-Diámetro 150mm.
-Ocular: 25mm.","-Ocular: 25mm.
-Manopla.
-Puntero láser.
-Filtro solar: mandado por el OAM en el año 2023 y adaptado por estudiantes para el
telescopio.","➢ Tres Ceibalitas Wezen con dos cargadores.
➢ Binoculares (donación).",,"Libros:
-Astrolabio segunda edición; Eduardo Moreira, Diego M. de Álava; editorial
Contexto.
-Astronomía General; David Galadí-Enríquez, Jordi Gutiérrez Cabello.
-Elementos de Astrofísica; Aldo A. Cassinelli (propiedad del liceo).",,,,,,,
10/5/2026,Rivera,Tranqueras,2,Yonathan Flores,,Telescopio Meade LX 90,"Filtro de apertura total Meade						
Portaoculares						
Adaptador para el codo del telescopio						
Codo con prisma a 1 y 1/4’						
Visor de campo (buscador)						
Trípode de campo de altura variable						
Manopla Autostar con cordón espiral						
Ocular Svbony (Ploss) de 40 mm						
Ocular marca Meade de 25 mm						
Ocular de 6,4 mm marca Meade						
Lente Barlow marca Meade						","Filtro de apertura total Meade						
Portaoculares						
Adaptador para el codo del telescopio						
Codo con prisma a 1 y 1/4’						
Visor de campo (buscador)						
Trípode de campo de altura variable						
Manopla Autostar con cordón espiral						
Ocular Svbony (Ploss) de 40 mm						
Ocular marca Meade de 25 mm						
Ocular de 6,4 mm marca Meade						
Lente Barlow marca Meade						",,,,,,,,,
26/12/2026 17:57:47,Treinta y Tres,Vergara,,CERRADO,,,,,,,,,,,,,
27/12/2026 17:57:47,Tacuarembó,San Gregorio de Polanco,,CERRADO,,,,,,,,,,,,,
28/12/2026 17:57:47,Soriano,Cardona,,CERRADO,,,,,,,,,,,,,
29/12/2026 17:57:47,San José,Delta del Tigre,,CERRADO,,,,,,,,,,,,,
30/12/2026 17:57:47,Salto,Salto,5,CERRADO,,,,,,,,,,,,,
31/12/2026 17:57:47,Rocha,Chuy,,CERRADO,,,,,,,,,,,,,
1/1/2026 17:57:47,Rocha,La Paloma,,CERRADO,,,,,,,,,,,,,
2/1/2026 17:57:47,Rivera,Tranqueras,,CERRADO,,,,,,,,,,,,,
3/1/2026 17:57:47,Rivera,Masoller,,CERRADO,,,,,,,,,,,,,
4/1/2026 17:57:47,Rio Negro,Young,,CERRADO,,,,,,,,,,,,,
5/1/2026 17:57:47,Paysandú,Paysandú,8,CERRADO,,,,,,,,,,,,,
6/1/2026 17:57:47,Paysandú,Paysandú,3,CERRADO,,,,,,,,,,,,,
7/1/2026 17:57:47,Maldonado,San Carlos,2,CERRADO,,,,,,,,,,,,,
8/1/2026 17:57:47,Maldonado,Punta del Este,,CERRADO,,,,,,,,,,,,,
9/1/2026 17:57:47,Maldonado,Piriápolis,,CERRADO,,,,,,,,,,,,,
11/1/2026 17:57:47,Maldonado,Maldonado,6,CERRADO,,,,,,,,,,,,,
12/1/2026 17:57:47,Lavalleja,José Pedro Varela,,CERRADO,,,,,,,,,,,,,
13/1/2026 17:57:47,Durazno,Sarandí de Yi,,CERRADO,,,,,,,,,,,,,
14/1/2026 17:57:47,Colonia,Rosario,,CERRADO,,,,,,,,,,,,,
15/1/2026 17:57:47,Colonia,Juan Lacaze,,CERRADO,,,,,,,,,,,,,
16/1/2026 17:57:47,Colonia,Conchillas,1,CERRADO,,,,,,,,,,,,,
17/1/2026 17:57:47,Cerro Largo,Melo,3,CERRADO,,,,,,,,,,,,,
18/1/2026 17:57:47,Cerro Largo,Melo,3,CERRADO,,,,,,,,,,,,,
19/1/2026 17:57:47,Canelones,Toledo,1,CERRADO,,,,,,,,,,,,,
20/1/2026 17:57:47,Canelones,Solymar,2,CERRADO,,,,,,,,,,,,,
21/1/2026 17:57:47,Canelones,Soca,,CERRADO,,,,,,,,,,,,,
22/1/2026 17:57:47,Canelones,Shangrilá,,CERRADO,,,,,,,,,,,,,
23/1/2026 17:57:47,Canelones,Santa Lucía,1,CERRADO,,,,,,,,,,,,,
24/1/2026 17:57:47,Canelones,San Jacinto,,CERRADO,,,,,,,,,,,,,
25/1/2026 17:57:47,Canelones,Salinas,1,CERRADO,,,,,,,,,,,,,
26/1/2026 17:57:47,Canelones,Progreso,,CERRADO,,,,,,,,,,,,,
27/1/2026 17:57:47,Canelones,Migues,,CERRADO,,,,,,,,,,,,,
28/1/2026 17:57:47,Canelones,Los Cerrillos,,CERRADO,,,,,,,,,,,,,
29/1/2026 17:57:47,Canelones,Las Piedras,4,CERRADO,,,,,,,,,,,,,
30/1/2026 17:57:47,Canelones,Las Piedras,3,CERRADO,,,,,,,,,,,,,
31/1/2026 17:57:47,Canelones,La Paz,1,CERRADO,,,,,,,,,,,,,
1/2/2026 17:57:47,Canelones,La Paz,2,CERRADO,,,,,,,,,,,,,
2/2/2026 17:57:47,Canelones,J.Suárez,,CERRADO,,,,,,,,,,,,,
3/2/2026 17:57:47,Canelones,Empalme Olmos,1,CERRADO,,,,,,,,,,,,,
4/2/2026 17:57:47,Canelones,El Pinar,1,CERRADO,,,,,,,,,,,,,
5/2/2026 17:57:47,Canelones,Atlántida,2,CERRADO,,,,,,,,,,,,,
6/2/2026 17:57:47,Canelones,18 de Mayo,,CERRADO,,,,,,,,,,,,,
7/2/2026 17:57:47,Artigas,Artigas,2,CERRADO,,,,,,,,,,,,,
8/2/2026 17:57:47,Montevideo,Montevideo,72,CERRADO,,,,,,,,,,,,,
9/2/2026 17:57:47,Montevideo,Montevideo,71,CERRADO,,,,,,,,,,,,,
10/2/2026 17:57:47,Montevideo,Montevideo,68,CERRADO,,,,,,,,,,,,,
11/2/2026 17:57:47,Montevideo,Montevideo,63,CERRADO,,,,,,,,,,,,,
12/2/2026 17:57:47,Montevideo,Montevideo,48,CERRADO,,,,,,,,,,,,,
13/2/2026 17:57:47,Montevideo,Montevideo,43,CERRADO,,,,,,,,,,,,,
14/2/2026 17:57:47,Montevideo,Montevideo,41,CERRADO,,,,,,,,,,,,,
15/2/2026 17:57:47,Montevideo,Montevideo,38,CERRADO,,,,,,,,,,,,,
16/2/2026 17:57:47,Montevideo,Montevideo,36,CERRADO,,,,,,,,,,,,,
16/2/2026 17:57:47,Montevideo,Montevideo,25,CERRADO,,,,,,,,,,,,,
16/2/2026 17:57:47,Montevideo,Montevideo,20,CERRADO,,,,,,,,,,,,,
16/2/2026 17:57:47,Montevideo,Montevideo,19,CERRADO,,,,,,,,,,,,,
16/2/2026 17:57:47,Montevideo,Montevideo,18,CERRADO,,,,,,,,,,,,,
16/2/2026 17:57:47,Montevideo,Montevideo,15,CERRADO,,,,,,,,,,,,,
16/2/2026 17:57:47,Montevideo,Montevideo,14,CERRADO,,,,,,,,,,,,,
16/2/2026 17:57:47,Montevideo,Montevideo,1,CERRADO,,,,q,,,,,,,,,
17/2/2026 17:57:47,Montevideo,Montevideo,58,q,q,q,q,q,,,,,,,,,
18/2/2025 17:57:47,Durazno,Sarandí de Yi,,,,,,"En el liceo de Sarandí del Yi se creó un espacio dentro del laboratorio CEILAB el cual
cuenta con:
Conectividad
Disponibilidad de medios audiovisuales
Carta estelar gestionada por intermedio del SIAC (Año 2024)
Cartas estelares en tamaño A4 (20)
Modelo básico del sistema solar mecánico (con algunos desperfectos,
funcionando de manera manual)",,,,,,,,,
19/2/2025 17:57:47,Paysandú,Paysandú,1,,,"Telescopio Schmidt-Cassaegrain LX90 GPS DE 8°, 10° y 12°(con lentes)		
Telescopio Refractor Fuller de 200 mm de Abertura Objeto cuadrado (Falta pieza)		",,"Esfera Asimilar			1	
Filtro Solar			1	
Globo terráqueo (roto)			1	
Globo del cielo (en exposición)			1	
Globo de coordenadas (deteriorado)			1	
Simulador de eclipse (no funciona)			1	
Globo terraquio de luna en (exposición)			1	
Sextante			1	
Planisferios astronómicos (uno roto)			6	
INMOBILIARIO			TOTAL	
Perchero			1	
Veladora sin pantalla			1	
Pizarrón blanco de cerámica (en mal estado)			1	
Mesa metal			1	
Armario metálico con 4 cajoneras			1	
Mesita color marrón 			1	
Mesitas de maderas de color blanco			2	
Sillas tapisadas (una azul y la otra de color negro)			2	
Estufa/donada/ Hometech			1	
Cuadro iluminado en la pared de Gonzales Pino (Donación)			1	
Astronauta a escala 1 metro, 50 cm ""Horacio""			1	
Cartel Informativo, iluminado exterior del recinto			1	
Dos cuadros con imagenes de Galileo, Kepler	nuevo-2024		2	
Cartelera de espuma Plas	nuevo-2024		1	
I				
				
				
	TOTAL			
Laptop Thosiba  con Windows 10 Home	1	Nota: Laptop no funciona más, se guardo en armario.		
Autostar Meade	1			
Fuente de 12 V. para telescopio.	1			
Autostar Meade Nuevo, se recibe en Dirección equipo de repuesto 18/12/2024	1			",,"DOCUMENTOS		
Titulo del item	Autor	Año
Geografia Astonómica	Calleja, S.	
Elementos de comosgrafia	Reyes, Alberto Thévenet	1961
Tiros, el ojo metereologico en el espacio	Jakes, John	1966
Curso de cosmográfia	Piaggio, Nicolas N.	1932
Meterologia y seemologia	Zolesi, J.	1924
La Astronomia sin telescopio	Rousseau, Pierre	1947
Observer¨s Handbook	Brishop, Roy	1994
		
Oficina de astronomia	Instituto de fisica UERJ	199?
		
En el ritmo del cielo	Perol, M. G.	180?
Skiatlas 2000	Wiltlifon, Roger W.	2000
Cometa Halley	Observatorio Astro. De Montevideo	1985
Tierra, luna y planetas	Whipple, Fred L.	1944
	Secretaria General de la Org. De los E. A.	
La radiación cósmica		
Proyecto de reorganización de la selección..	Ins. Superiores de Motevideo	1942
	Instituto de Estudios Sup. Montevideo	(1944 al
Boletin de Meteorologia		1948)
Elementos de comosgrafia	Charola, Florencia	1942
		
		
		
		
		
		
Manual de prácticas elementales..	Cernuschi et. Al.	19-?
		
		
Calendario astronomicos	Observatorio Astro. De Montevideo	(1980 al 1985)
To the moom	Young, Warren R.	1969
El láser	Garavaglia, Mario	1976
Calendario astronomico	Barbato, German	1989
El cometa Halley	Intendencia de Paysandú	1985
		
Folletos misión lunar tripulada Proyecto Apolo	S.N.	1870?
Contribuciones al estudio de la geo paleontologia		
	La tematica no pertenece al obs.	
Sir William Herschel	Etchecopar, Carlos	1939
Elementos de astronomia	S.N.	S. N.
		
Los nuevos enigmas del universo	Sudre, Rene	19-?
El hombre en el espacio	Lent, Henry B.	1961
Guide For Observers of the moon	British Astronomical Association	1979
La estructura del universo	Wbitrow, G. J.	1952
La historia de la ciencia en America IV.	L. Sprague de Camp; C. de Camp	1967
El radar explora la atmosfera	Battan, Louis	1962
El Universo	Struve, Otto	1975
S. O. S. Estación meteorologica	Bixby, William	1967
Método simplificado para la predicción….	Pochintesta, A.	1938
El mundo en el telescopio	Marshack	1964
Connaissance des temps..	Gauthier-Villars	1918
Il cielo	Cecchini, Gino	1969
El pasaje de mercurio obser. En montevideo..	Etchecopar, Carlos	1989
Telestrella	Servicio inf. EE. UU.	1961
Origen de las manchas solares	Llambias, Jose de Olivar	1920
		
El papel de la ciencia	Houssay, Bernardo	196?
Fullerscopes	Fotocopia	1976
	Barbato, German (IMM) (Plane.	(1977 al
Calendario astronomico	Mun.)	1979)
Frecuencia y Modalidad…	Morandi, Luis	1915
Fotogrameetria	Hoepli, Ulrico	1901
Formación continuada de Profesores- Curso AS.	Agencia EsapcialBrasileira	2007
Calendario Astronomico 2008-9	CES, UdelaR, Obs. As. Los molinos	2007
El hombre en las fronteras del espacio	Stine, G. Harry	1964
Biblioteca Pleamar conocimientos	S. N.	S. N.
REVISTAS		
Comunicaciones Astronómicas	Federación As. Aficionados del Uy.	1989
Physics Today	Lubkin, Gloria	1985
Canopus	R. Uruguay Astronómia	(2000 al 2011)
Vrania	Astronomia y ciencias afines	1968-6-7-/1970-1
	Organo de la Soc. astronomica de	
R. el Universo	Mex.	1960/1979
Revista Meterologica	Junta nacional de Meterologia	(del 1943 al 46)
Astros del cielo/El espace (en archivadores)	……………………………………………………..	1990 al 200-
Los hombres de la historia vol. 77 y vol.37	Frajese, Atilio // Rossi Paolo	
La manga/cosecha el espacio hoy o mañana	Haggerty, James	1958
Poyecto geminis	S. N.	S. N.
El mariner a marte	William Hines	1957
		
Un paseo en el espacio	Serv. Inf. De los E.E. U.U.	196?
Hacia la conquista del espacio	Planetario Municipal Montevideo	1958
		
Viaje a Marte	Ser. De Información de los E.E. U.U.	197?
Nociones de Astronomia	Lockeyer, Norman	1896
The Handbook	British Astronomical Association	1988
Eclipses del sol	Inst. Metereologico Nacional	1920
Poryecto de reorganización de la sec. Inv.		
Meteoro.	Ins. Superiores de Motevideo	196?
El año Meteorologico 1900-1901	Moratorio, Juan de Dios	1902
Comntribución al mejor cono. Del clima	Bergeiro, Jose	1942
Climatologiatopologia	Instituto de Est. Superiores del Uy.	1942
La meteorologia como auxiliar..	Servicio de Meteorologia de Uy.	1949
Sipnopsis meteorologica del año 1935	UdelaR/F. de Agronomia	1935
Calmas relativas y vientos.. 2	Ins. Superiores de Motevideo	1940
Fasiculo B, apuntes relativos a la atmósfera…	Calabrese, Lindoro	1948
Bolen mensual del Obs. Meterorlogico	Colegio Pio de Villa Colon (Mtdeo)	1903
Cartilla Meteorologica..	Morandi, Luis	1917
La nebulosidad..	Morandi, Luis	1898",,,,,,,
19/2/2025 17:57:47,Canelones,La Paz,2,,,,,"Este liceo no cuenta con materiales (como ser
telescopio, binoculares, luxómetro, etc.). A
comienzos de año se realizó una solicitud escrita de
materiales a las autoridades, sin resultados
positivos hasta el momento, es de hacer notar que
ésta institución es de tres turnos, con un turno
nocturno de concurrencia numerosa de 1° a 6°año, y
tiene 4 grupos de cuarto año entre el turno matutino
y vespertino, por lo que cualquier instrumento sería
de gran apoyo y muy utilizado.",,,,,,,,,
18/2/2025 17:57:47,Canelones,Las Piedras,4,,,,,"Este liceo no cuenta con ningún tipo de material
para llevar a cabo observaciones. A comienzos del
año pasado se envío solicitud escrita de telescopio a
las autoridades.

Saluda atte: Roberto Burgues",,,,,,,,,
19/2/2025 17:57:47,Canelones,La Paz,1,,,,,"Este liceo no cuenta con ningún tipo de material
para llevar a cabo observaciones. La directora ha
mostrado interés en apoyar la solicitud de
materiales.",,,,,,,,,
19/2/2025 17:57:47,Montevideo,Montevideo,15,,,"Meade 114EQ-AR
4.5""/114 mm
Telescopio Reflector
Newtoniano

Espejo primario se
encuentra con algunos
detalles (Se adjunta
imagen en sección
observaciones).

1 1 MONTURA
ECUATORIAL
ALEMANA

La montura no cuenta
con mando manual
para la Declinación
pero si para la
Ascensión Recta.","1 1 OCULAR PLÖSSL
40 MM (SVBONY)

Buen estado.

1 1 OCULAR MEADE
MA25MM

Buen estado.

1 1 OCULAR MEADE
MA9MM

Buen estado.

1 1 FILTRO SOLAR
THOUSAND OAKS
OPTICAL

Buen estado.",,,"1 1 CARTA ESTELAR REGIONES
CIRCUMPOLAR SUR,
CIRCUMPOLAR NORTE Y
ECUATORIAL - MARCA:
KAPPACRUCIS

X

1 4 CARTELERA AMAUTA DE LAS
SIGUIENTES TEMÁTICAS:
FASES DE LA LUNA/ECLIPSES;
SISTEMA SOLAR/ASTEROIDES
Y COMETAS; EVOLUCIÓN DEL
UNIVERSO/VÍA LÁCTEA,
ÓRBITA DE LA
TIERRA/ESTACIONES.
X

1 52 FOLLETO CARTA ESTELAR
REGIONES CIRCUMPOLAR
SUR, CIRCUMPOLAR NORTE Y
ECUATORIAL - MARCA:
KAPPACRUCIS

X

1 164 REVISTA CANOPUS MENSUAL
DESDE 1998 HASTA 2019
X

1 1 REVISTA “URUGUAY CON
CIENCIA. PLUTÓN, PLANETA
ENANO”. No3, OCTUBRE 2006.
X

1 6 LIBRO “PRÁCTICAS DE
ASTRONOMÍA”, G. VICINO. A.
MONTEVERDE Y CIA, 1ERA
EDICIÓN, 1991.

X

1 2 LIBRO “QUE EDAD TIENE LA
TIERRA?”, P. HURLEY.
EDICIONES UBA, 1960.
X

1 6 LIBRO “LAS ESTRELLAS‘, G.
VICINO. A. MONTEVERDE Y

CIA.

X

1 3 LIBROS “VIAJE A TRAVÉS DEL X

Liceo N°15 Ibiray Lab. Cs del Espacio y Tec. Aplicadas
2025

UNIVERSO”: “GALAXIAS 1”,
“GALAXIAS 2”, “PLANETAS
LEJANOS 1”. EDICIONES
FOLIO, 1994.
1 1 LIBRO “CIENCIA EXPLICADA -
EL COSMOS”. EDITORIAL
VOLUNTAD S.A. 1995

X

1 1 LIBRO “COSMOS”, G. OTERO.
EDITORIAL AMAUTA, 2012
X

1 2 LIBRO “GUIA DE CAMPO DE
LAS ESTRELLAS Y LOS
PLANETAS DE LOS
HEMISFERIOS NORTE Y SUR”.
JAY M. PASACHOFF. OMEGA,

2002

X

1 1 LIBRO “ASTROBIOLOGÍA: DEL
BIG BANG A LAS
CIVILIZACIONES”, G.
LEMARCHAND Y G.
TANCREDI. UNESCO, 2010.
X

1 1 LIBRO “OBJETIVO: UNIVERSO.
ASTRONOMÍA, CURSO
COMPLETO DE
ACTUALIZACIÓN”, A.
FEINSTEIN, H. TIGNANELLI.
COLIHUE, 2005.

X

1 33 LIBRO “ELEMENTOS DE
ASTROFÍSICA”, A. CASSINELLI.
KAPELUSZ URUGUAY, 2002.
X

1 13 LIBRO “ELEMENTOS DE
ASTRONOMÍA”, C. MARTÍNEZ,
A. CASSINELLI. KAPELUSZ
URUGUAY, 2002.

X

1 1 LIBRO “ELEMENTOS DE
ASTRONOMÍA”, C. MARTÍNEZ,
A. CASSINELLI. KAPELUSZ
URUGUAY, 1976.

X

1 1 LIBRO “ELEMENTOS DE
ASTRONOMÍA Y
ASTROFÍSICA”, A. CASSINELLI.
EDICIONES DEL PALACIO,

2007.

X

1 6 LIBRO “MANUAL DE
PRÁCTICAS ELEMENTALES DE
ASTRONOMÍA”, F. CERNUSCHI,
X

Liceo N°15 Ibiray Lab. Cs del Espacio y Tec. Aplicadas
2025

J. FERNANDEZ Y O. VAIO.
UDELAR DIVISIÓN DE
PUBLICIDAD Y EDICIONES
1 1 LIBRO “ASTROLABIO”, E.
MOREIRA Y D. M. DE ÁLAVA.
CONTEXTO, 2DA EDICIÓN
1ERA REIMPRESIÓN, 2015
X

1 35 LIBRO “ASTROLABIO”, E.
MOREIRA Y D. M. DE ÁLAVA.
CONTEXTO, 2DA EDICIÓN,

2009

X

1 2 “ATLAS DEL CIELO”,
GONZALO VICINO. PALACIO
DEL LIBRO, 1ERA EDICIÓN,

1987.

X

1 83 IMÁGENES PLASTIFICADAS
DE DIVERSOS ASTROS Y
FENÓMENOS: LUNA,
ECLIPSES, GALAXIAS,
CÚMULOS ESTELARES,
COMETAS, NEBULOSAS.
CENTRO DE EQUIPAMIENTO
DIDÁCTICO, CONSEJO DE
EDUCACIÓN SECUNDARIA
BÁSICA Y SUPERIOR, 1945-48.
X

1 1 LIBRO “EL COSMOS”,
HERMANN BONDI, EUDEBA,

1967.

X

1 1 LIBRO “LOS ECLIPSES”, P.
COUDERC, EUDEBA, 1969.
X

1 1 LIBRO “LOS TRAMOS DEL
CIELO”, S. TOULMIN Y J.
GOODFIELD, EUDEBA, 1963.
X

1 1 LIBRO “LAS REVOLUCIONES
DE LAS ESFERAS CELESTES”,
N. COPERNICO, TRADUCCIÓN
DE J. F. CHITI. EUDEBA, 1965.
X

1 1 LIBRO “FOTOGRAFIANDO EL
COSMOS DESDE CASA”, T.
SCOLARICI. ED. CAYMI, 1978.
X

1 1 LIBRO “ASTRONOMIA
ELEMENTAL”, A. FEINSTEIN.
ED. KAPELUSZ, 1969.

X

1 1 LIBRO “CURSO DE X

Liceo N°15 Ibiray Lab. Cs del Espacio y Tec. Aplicadas
2025

ASTRONOMÍA GENERAL”, P. I.
BAKULIN. ED. MIR MOSCÚ,

1987.

1 2 LIBRO “ASTROFÍSICA”, C.
JASCHEK. THE GENERAL
SECRETARIAT OF THE
ORGANIZATION OF
AMERICAN STATES, 1983.
X

1 5 ANUARIO ASTRONÓMICO
2011, “LOS CIELOS DEL
BICENTENARIO”. OAM.
X

1 1 LIBRO “COSMOGRAFÍA”,
CHAROLA. ED. KAPELUSZ,

1959.

X

1 7 LIBRO “ASTROFÍSICA
ELEMENTAL”, A. CASSINELLI.
ED. SIGNO, 1966.

X

1 1 LIBRO “INSTRUMENTOS Y
PROCEDIMIENTOS DE LA
ASTROFÍSICA”, 1ERA PARTE.

X

1 1 LIBRO “ASTRONOMIA. 2DA
PARTE”, H. FREIRE. 1ERO BD,

1981.

X

1 1 LIBRO “EL UNIVERSO”, P.
COUDERC. EUDEBA, 1961.

X

1 1 LIBRO “EL INQUIETO
UNIVERSO”, MAX BORN,
TRADUCCIÓN DE MARIO
BUNGE. EUDEBA, 1968.
X

1 1 LIBRO “NUEVO MANUAL DE
LOS CIELOS”, H. J. BARNHARD.
EUDEBA, 1961.",,,,,,,
20/2/2025 17:57:47,Paysandú,Paysandú,1, José Perez; Martin Lacuesta,,"Telescopio Schmidt-Cassaegrain LX90 GPS DE 8°, 10° y 12°(con lentes)",,"Esfera Asimilar			1	
Filtro Solar			1	
Globo terráqueo (roto)			1	
Globo del cielo (en exposición)			1	
Globo de coordenadas (deteriorado)			1	
Simulador de eclipse (no funciona)			1	
Globo terraquio de luna en (exposición)			1	
Sextante			1	
Planisferios astronómicos (uno roto)			6	
INMOBILIARIO			TOTAL	
Perchero			1	
Veladora sin pantalla			1	
Pizarrón blanco de cerámica (en mal estado)			1	
Mesa metal			1	
Armario metálico con 4 cajoneras			1	
Mesita color marrón 			1	
Mesitas de maderas de color blanco			2	
Sillas tapisadas (una azul y la otra de color negro)			2	
Estufa/donada/ Hometech			1	
Cuadro iluminado en la pared de Gonzales Pino (Donación)			1	
Astronauta a escala 1 metro, 50 cm ""Horacio""			1	
Cartel Informativo, iluminado exterior del recinto			1	
Dos cuadros con imagenes de Galileo, Kepler	nuevo-2024		2	
Cartelera de espuma Plas	nuevo-2024		1	
I				
				
				
	TOTAL			
Laptop Thosiba  con Windows 10 Home	1			
Autostar Meade	1			
Fuente de 12 V. para telescopio.	1			
Autostar Meade Nuevo, se recibe en Dirección equipo de repuesto 18/12/2024	1			",,"Geografia Astonómica	Calleja, S.
Elementos de comosgrafia	Reyes, Alberto Thévenet
Tiros, el ojo metereologico en el espacio	Jakes, John
Curso de cosmográfia	Piaggio, Nicolas N.
Meterologia y seemologia	Zolesi, J.
La Astronomia sin telescopio	Rousseau, Pierre
Observer¨s Handbook	Brishop, Roy
	
Oficina de astronomia	Instituto de fisica UERJ
	
En el ritmo del cielo	Perol, M. G.
Skiatlas 2000	Wiltlifon, Roger W.
Cometa Halley	Observatorio Astro. De Montevideo
Tierra, luna y planetas	Whipple, Fred L.
	Secretaria General de la Org. De los E. A.
La radiación cósmica	
Proyecto de reorganización de la selección..	Ins. Superiores de Motevideo
	Instituto de Estudios Sup. Montevideo
Boletin de Meteorologia	
Elementos de comosgrafia	Charola, Florencia
	
	
	
	
	
	
Manual de prácticas elementales..	Cernuschi et. Al.
	
	
Calendario astronomicos	Observatorio Astro. De Montevideo
To the moom	Young, Warren R.
El láser	Garavaglia, Mario
Calendario astronomico	Barbato, German
El cometa Halley	Intendencia de Paysandú
	
Folletos misión lunar tripulada Proyecto Apolo	S.N.
Contribuciones al estudio de la geo paleontologia	
	La tematica no pertenece al obs.
Sir William Herschel	Etchecopar, Carlos
Elementos de astronomia	S.N.
	
Los nuevos enigmas del universo	Sudre, Rene
El hombre en el espacio	Lent, Henry B.
Guide For Observers of the moon	British Astronomical Association
La estructura del universo	Wbitrow, G. J.
La historia de la ciencia en America IV.	L. Sprague de Camp; C. de Camp
El radar explora la atmosfera	Battan, Louis
El Universo	Struve, Otto
S. O. S. Estación meteorologica	Bixby, William
Método simplificado para la predicción….	Pochintesta, A.
El mundo en el telescopio	Marshack
Connaissance des temps..	Gauthier-Villars
Il cielo	Cecchini, Gino
El pasaje de mercurio obser. En montevideo..	Etchecopar, Carlos
Telestrella	Servicio inf. EE. UU.
Origen de las manchas solares	Llambias, Jose de Olivar
	
El papel de la ciencia	Houssay, Bernardo
Fullerscopes	Fotocopia
	Barbato, German (IMM) (Plane.
Calendario astronomico	Mun.)
Frecuencia y Modalidad…	Morandi, Luis
Fotogrameetria	Hoepli, Ulrico
Formación continuada de Profesores- Curso AS.	Agencia EsapcialBrasileira
Calendario Astronomico 2008-9	CES, UdelaR, Obs. As. Los molinos
El hombre en las fronteras del espacio	Stine, G. Harry
Biblioteca Pleamar conocimientos	S. N.
REVISTAS	
Comunicaciones Astronómicas	Federación As. Aficionados del Uy.
Physics Today	Lubkin, Gloria
Canopus	R. Uruguay Astronómia
Vrania	Astronomia y ciencias afines
	Organo de la Soc. astronomica de
R. el Universo	Mex.
Revista Meterologica	Junta nacional de Meterologia
Astros del cielo/El espace (en archivadores)	……………………………………………………..
Los hombres de la historia vol. 77 y vol.37	Frajese, Atilio // Rossi Paolo
La manga/cosecha el espacio hoy o mañana	Haggerty, James
Poyecto geminis	S. N.
El mariner a marte	William Hines
	
Un paseo en el espacio	Serv. Inf. De los E.E. U.U.
Hacia la conquista del espacio	Planetario Municipal Montevideo
	
Viaje a Marte	Ser. De Información de los E.E. U.U.
Nociones de Astronomia	Lockeyer, Norman
The Handbook	British Astronomical Association
Eclipses del sol	Inst. Metereologico Nacional
Poryecto de reorganización de la sec. Inv.	
Meteoro.	Ins. Superiores de Motevideo
El año Meteorologico 1900-1901	Moratorio, Juan de Dios
Comntribución al mejor cono. Del clima	Bergeiro, Jose
Climatologiatopologia	Instituto de Est. Superiores del Uy.
La meteorologia como auxiliar..	Servicio de Meteorologia de Uy.
Sipnopsis meteorologica del año 1935	UdelaR/F. de Agronomia
Calmas relativas y vientos.. 2	Ins. Superiores de Motevideo
Fasiculo B, apuntes relativos a la atmósfera…	Calabrese, Lindoro
Bolen mensual del Obs. Meterorlogico	Colegio Pio de Villa Colon (Mtdeo)
Cartilla Meteorologica..	Morandi, Luis
La nebulosidad..	Morandi, Luis",,,Telescopio Refractor Fuller de 200 mm de Abertura Objeto cuadrado (Falta pieza),,,,
20/2/2025 17:57:47,Montevideo,Montevideo,1,,,,,"Buenas! Mediante el presente envío como adjunto los inventarios de material de Laboratorio de Ciencias del Espacio y Tecnologías Aplicadas de liceos Nº1 ""José Enrique Rodó"" y Nº36 ""Instituto Batlle y Ordoñez"".
Dichos liceos no cuentan con local de Laboratorio, estando en trámite de lograr al menos compartir salones de informática o robótica con las direcciones liceales.
Como se puede apreciar en los inventarios, sólo se cuenta con carteleras de temáticas astronómicas en ambos liceos, razón por la cual se solicita el envío de algún material de observación, como por ejemplo un telescopio de los que se redistribuyan del Laboratorio del Liceo Nº6. O cualquier otro material que estimen conveniente.
 
Sin otro particular. Saludos cordiales. 
 
Ricardo Silva.",,,,,,,,,
20/2/2025 17:57:47,Montevideo,Montevideo,36,,,,,"Buenas! Mediante el presente envío como adjunto los inventarios de material de Laboratorio de Ciencias del Espacio y Tecnologías Aplicadas de liceos Nº1 ""José Enrique Rodó"" y Nº36 ""Instituto Batlle y Ordoñez"".
Dichos liceos no cuentan con local de Laboratorio, estando en trámite de lograr al menos compartir salones de informática o robótica con las direcciones liceales.
Como se puede apreciar en los inventarios, sólo se cuenta con carteleras de temáticas astronómicas en ambos liceos, razón por la cual se solicita el envío de algún material de observación, como por ejemplo un telescopio de los que se redistribuyan del Laboratorio del Liceo Nº6. O cualquier otro material que estimen conveniente.
 
Sin otro particular. Saludos cordiales. 
 
Ricardo Silva.",,,,,,,,,
20/2/2025 17:57:47,San José,Playa Pascual,1,Ariel Benzano,,Telescopio reflector ecuatorial Meade modelo 114 EQ-AR (114 mm),"5 oculares Meade (MA 25 mm, Super Plossl 40 mm Multi-coated, MA 9 mm, Super
Plossl 12,4 mm Multi-coated y 3x telenegative Multi-coated).
● Filtro solar.","10 láminas de alta resolución, informativas sobre fases lunares, estructura de la tierra,
sistema solar, características de los asteroides, galaxias, entre otros.
MATERIALES DISPONIBLES SOBRE ASTRONOMÍA EN LA BIBLIOTECA DEL LICEO:

Títulos de libros y manuales Cantidad
disponible

Objetivo Universo 1
Astrolabio 3
Manuales de Astronomía 2
Astrobiología del Big Ban Astronomía 1
Las Estrellas 1
Cosmos 1
Astronomía Elemental 1
Cartas Astrales nuevas 15
Cartas Astrales usadas 28",,,,,,,,,
20/2/2025 17:57:47,Montevideo,Montevideo,18,Karina A,,,,"Moreira, E., & de Álava, D. (2015). Astrolabio (3 ejemplares). Editorial Contexto.
",,,,,,,,,
20/2/2025 17:57:47,Montevideo,Montevideo,71,Karina A,,"Karina

","Telescopio: Saxon , reflector . Modelo 767AZ. ","Carteles:

Evolución del Universo- La Vía Láctea (un poco dañado en la parte superior pero se puede solucionar)
Estrellas y evolución estelar- Carta estelar
Sistema Solar- Asteroides
El Sol- La Tierra y su atmósfera
Eclipses-Fases de la Luna",,"Bibliografía sobre astronomía del Liceo 71:

RBA (NatGeo). (2021). Cometas y eclipses. Editorial RBA.

RBA (NatGeo). (2021). Las edades del Cosmos. Editorial RBA.

RBA (NatGeo). (2021). Las fronteras del espacio. Editorial RBA.

Sagan, C. (2020). Cosmos. Editorial Planeta.

Jackson, T. (2020). Astronomía. Editorial Libsa.

RBA (NatGeo). (2019). El día que pisamos la Luna (50 aniversario). Editorial RBA.

RBA (NatGeo). (2019). Júpiter, un gigante de gas. Editorial RBA.

RBA (NatGeo). (2019). El Sol. Editorial RBA.

AAVV. (2019). El gran libro del espacio. Editorial Penguin Random House.

Martín Ávila, P. (2018). Guía definitiva del Universo. Editorial Libsa.

De Amicis, G. (2018). Explorando el espacio. Editorial Vicens Vives.

RBA (NatGeo). (2018). Marte, nuestro futuro en el planeta rojo. Editorial RBA.

Gallardo, T. (2017). Cielo de día, cielo de noche. Editorial +Cerca Ediciones.

Manrique, D. (2016). Fundamentos de cosmología. Editorial Guadalmazán.

RBA (NatGeo). (2016). La cuarta dimensión. Editorial RBA.

Moreira, E., & de Álava, D. (2015). Astrolabio (3 ejemplares). Editorial Contexto.

Wolfe, T. (2010). Lo que hay que tener (elegidos para la gloria). Editorial Anagrama.

Asimov, I. (1992). El cometa Halley. Editorial Plaza & Janés.

Asimov, I. (1992). Enigmas de la Tierra y el Espacio al alcance de todos. Editorial Atlántida.

Rudaux, L., & de Varcouleun, G. (1962). Astronomía. Editorial Labor.",,,,,,,
20/2/2025 17:57:47,Treinta y Tres,Treinta y Tres,1,Lucía Ramirez,,,,"NOMBRE DESCRIPCIÓN OBSERVACIONES CONDICIÓN

Telescopio
MEADE LXD
75 Telescopio refractor con montura ecuatorial El ajuste de latitud está roto En buen estado
Controlador de
Autostar

Manopla autostar para realizar el seguimiento de los
objetos celestes. En buen estado
Bateria Kaise Bateria de 12V para la automatización del telescopio En funcionamiento
Ocular MEADE series 4000 07177 – 02LF 26mm Buen estado

Retícula led Iluminador led para buscador de la Polar

Aparte del telescopio en
caja de los oculares En buen estado
Ocular MEADE series 4000 40mm En buen estado
Ocular MEADE series 4000 25mm En buen estado

Espejo diagonal

Espejo Diagonal de 90 Grados para ocular y telescopio,
Adaptador Diagonal de Espejo En buen estado

In
e
t
o de Lab
or
de la
Ci
n
a
de
Es
a
Lic

N° 1 de Tre
y Tre

Lente Barlow Lente barlow MEADE 07273LF 2x (duplica el aumento) En buen estado
Espejo plano Espejo plano en bolsa. En buen estado
Cable y cargador
de la batería Cable con enchufe y cargador de la batería de 12V Varios metros de cable En buen estado
Cable de red
patch Cable UTP de 80cm aprox. (azul) En buen estado

Imagenes

Colección de imágenes de objetos astronómicos en blanco y
negro.

Estan forradas y en material
duro. En buen estado
Filtro solar. Filtro solar para el telescopio Roto.

..LÁMINAS Editorial AMAUTA;
1) a) El Sol, b) La Tierra y su atmósfera (1 ejemplar, sala de profesores)
2) a) Evolución del Universo , b) La Vía Láctea (1 ejemplar, sala de profesores)
3) a) Carta Estelar, b) Estrellas y Evolución Estelar (1 ejemplar, sala de profesores)
4) a) Sistema Solar, b) Asteroides, Cometas, Lunas, Planetas (1 ejemplar, sala de profesores)
5) a) Fases de la Luna, b) Eclipses (1 ejemplar, sala de profesores)
MAPAS:

In
e
t
o de Lab
or
de la
Ci
n
a
de
Es
a
Lic

N° 1 de Tre
y Tre

..Mapa chico de la Luna-Editorial AMAUTA (1 ejemplar, sala de profesores)
..Póster superficie Marciana- Editorial AMAUTA (1 ejemplar, sala de profesores)
CARTAS:
..Carta Estelar grande; mural estrellas y constelaciones (KappaCrucis) (1 ejemplar, sala de profesores)
..Cartas Estelares chicas (KappaCCrucis).(34 ejemplares, biblioteca)
LIBROS:
..COSMOGRAFÍA, Charola. Editorial Kapelusz 1959
(7 ejemplares, biblioteca)
..COPÉRNICO Y SU MUNDO por Hermann Kesten, 1ra. Edición 1948, Ediciones Antonio Zamora Bs. As.
(1 ejemplar, biblioteca).
..LA VÍA LÁCTEA, Bart J. Bok, Priscilla F. Bok, 1946, Bs. As. Editorial Pleamar S.R.L.
(1 ejemplar, biblioteca).
..GALAXIAS, Harlow Shapley, 1947 Bs. As. Editorial Pleamar S.R.L.
(1 ejemplar, biblioteca).
..La estructura del Universo, G. J. Whitrow, edición 1966, Fondo de cultura económica. México, Bs.As.
(1 ejemplar, biblioteca).
.. Fundamentos y evolución del Calendario. Prof.:Hugo Freire. Ministerio de Educación y Cultura.
(1 ejemplar, biblioteca).
..Elementos de Astrofísica. Aldo A. Cassinelli. Editorial Kapelusz-Uruguay 2003.
(2 ejemplares, biblioteca)

In
e
t
o de Lab
or
de la
Ci
n
a
de
Es
a
Lic

N° 1 de Tre
y Tre

..Astrolabio. Astronomía 4to. Año (1o. BD). Eduardo Moreira y Diego M. de Álava. Editorial Contexto, 2014(2009).
(15 ejemplares, biblioteca)
..ASTRONOMÍA GENERAL. Teórica y práctica. David Galadí-Enríquez.Jordi Gutierrez Cabello. Ediciones Omega 2001.
(1 ejemplar, biblioteca).
..Fundamentos de Astronomía. Michael A. Seeds. Ediciones Omega 1986.
(1 ejemplar, biblioteca).
..Objetivo Universo-Astronomía. Alejandro Feinstein-Horacio Tignanelli. Ediciones Colihue S.R.L. Argentina 2005.
(1 ejemplar, biblioteca).
..ASTROBIOLOGÍA: del Big Bang a las Civilizaciones. Guillermo A. Lemarchand y Gonzalo Tancredi. Montevideo 2010.
(2 ejemplares, biblioteca).
..Curso de Astronomía General. P .L. Bakulin, E.V.Kononovich, V.I. Moroz. Editorial Mir Moscú 1987.
(1 ejemplar, biblioteca).
..Manual de Prácticas Elementales de la Astronomía. Cernuschi/Fernández/VAIO. Universidad de la República Uruguay.
(2 ejemplares, biblioteca).
..Prácticas de Astronomía. Gonzalo Vicino. A. Monteverde y CIA S.A.. Montevideo-Uruguay.
(7 ejemplares, biblioteca).
..ASTRONÓMICA. Galaxias/Estrellas/Planetas. h.f.ullmann. Exploración espacial.
(1 ejemplar, biblioteca).
..Las Estrellas. Gonzalo Vicino.
(4 ejemplar, biblioteca).

In
e
t
o de Lab
or
de la
Ci
n
a
de
Es
a
Lic

N° 1 de Tre
y Tre

..SkyAtlas 2000.0.Wil Tirion-Roger W Sinnott.
(1 ejemplar, biblioteca).
..Revistas CANOPUS.
(30 ejemplares, biblioteca).
.. EL UNIVERSO por Otto Struve, 1962. Fondo de Cultura Económica México.
(1 ejemplar, biblioteca).
.. Astronomía 1era y 2da parte del Prof. Hugo Freire para 1° de BD, año 1981.
(2 ejemplares, biblioteca).
.. Cometa Halley, Observatorio Astronómico de Montevideo, Montevideo 1985.
(1 ejemplar, biblioteca).
.. Elementos de la Astronomía, Aldo A. Cassinelli, Ed. Kapelusz 2002.
(1 ejemplar, biblioteca).
.. Elementos de la Cosmografía, Florencio Charola, Ed. Kapelusz 1941.
(1 ejemplar, biblioteca).
.. El Universo, Isaac Asimov, Alianza Editorial.
(1 ejemplar, biblioteca).
.. Cien Mil Millones de Soles, Rudolf Kippenhahn, Ed. Salvat.
(1 ejemplar, biblioteca).
.. Elementos de Cosmografía, Alberto Reyes Thévenet, Montevideo 1950.
(2 ejemplares, biblioteca).
.. Astrofísica Elemental, Aldo A. Cassinelli, 2da edición 1966.

In
e
t
o de Lab
or
de la
Ci
n
a
de
Es
a
Lic

N° 1 de Tre
y Tre

(1 ejemplar, biblioteca).
.. Calendarios de acontecimientos astronómicos de los años 1984 y 1985, Observatorio Astronómico de Montevideo.
.. Anuario Astronómico 2011, Los cielos del bicentenario, CES.
(3 ejemplares, biblioteca).
.. Hacia una didáctica de la Astronomía, Gonzalo Vicino y colaboradores.
(1 ejemplar, biblioteca).
.. Observar el Cielo, David H. Levy, Ed, Planeta.
(1 ejemplar, biblioteca).
.. Astronomía Popular, Gustavo Gili 1926.
(1 ejemplar, biblioteca).
.. Astronomía Elemental, Feinstein, Ed. Kapelusz.
(1 ejemplar, biblioteca).
.. Calendario Astronómico 1977, Planetario Municipal, Montevideo.
(1 ejemplar, biblioteca).",lumarlene88@hotmail.com,,,,,,,,
21/2/2025 17:57:47,Canelones,Migues,,Noelia Cabrera,,,,"Inventario

     El centro educativo no cuenta con un espacio específico que funcione como observatorio. Mi lugar de trabajo es el Laboratorio de Física.

Actualizado: 27 de Marzo del 2025

Material
N°
Cantidad
Estado
Elementary Planetario
1
1
A reparar
Globo Celeste Estelar
2
1
Bueno
Esfera Celeste en blanco (meridianos y paralelo)
3
1
Bueno
Globo terráqueo manual
4
1
Bueno
Globo terráqueo eléctrico
5
1


Telescopio Celestron Nex Str 8127
Maksutov computarizado


1
Bueno
Trípode 


1
Bueno
Bandeja de accesorios






Control manual NexStar +


1
Bueno
Ocular de 20 mm


1
Bueno
Ocular de 9 mm


1
Bueno
Filtro solar con BAADER casero 


1































Material bibliográfico
Cantidad
Estado
Cernuschi,F/Fernández,J/ Vaio,O.(s/a)Manual de Prácticas y elementos de Astronomía.UdelaR División publicaciones y ediciones.
2
Bueno
Cassinelli, A.(1979). Elementos de Astrofísica.Kapelusz.
1
Bueno
Martinez, C./Cassinelli, A.(1979). Elementos de Astronomía.Kapelusz.
1
Bueno
Cassinelli, A.(2009). Elementos de Astronomía y Astrofísica.Tradinco.
2
Bueno
Moreira, E./ M. de Álava, D.(2009). Astrolabio. Contexto.
3
Bueno
Ferro, I.(2002). Diccionario de Astronomía. IEPSA
1
Bueno
Charola, F.(1959). Cosmografía. Kapelusz.
1
Aceptable
Weiss, A.(1945). Astrología Racional. Kier.
1
Bueno
Reyes, A.(1957). Elementos de Cosmografía. Palacio del Libro
1
Aceptable
Abetti,G. (1956). Historia de la Astronomía. Fondo de cultura económica.
1
Bueno
Adams, P. (1990). La Luna, Marte y los meteoritos. Akal
1
Bueno
Servicio de información de los Estados Unidos. (s/a) Telestrella. AS Impresiones
1
Bueno
Goddard R. (s/a) Padre de los cohetes modernos. AS Impresiones
1
Bueno
Buedeler W. (1957). El año Geofísico Internacional. Union Typographique
1
Bueno
Fernández H. (1976). Fases de la Luna. IMM
1
Bueno
Guinovart H. (1977). Radioastronomía. IMM
1
Bueno
Alcuri G. (1975). El sistema solar. IMM
1
Bueno
Vaio O. (1979). Estrellas y Constelaciones. IMM
1
Bueno
Vicino G. (s/a). Trayectoria del Cometa Halley 1985-1986. s/ed.
1
Aceptable
Vicino G. (1987). Atlas del cielo. A. Monteverde & CIA. S.A.
2
Aceptable
Concejo de Ed. Secundaria Básica y Superior. (s/a) Carta Estelar. Centro de equipamiento didáctico
6
Aceptable
Más A./Scarpa D.(s/a) Carta Estelar. Kappa Crucis
13
Bueno
Vaio O.(s/a) Mapa estelar para la latitud de Montevideo- 35° S
1
Bueno
Enseñanza secundaria observatorio astronómico. (s/a) Colección de Fotografías Astronómicas. s/ed.
1
Aceptale







",noacab@gmail.com,,,,,,,,
22/2/2025 17:57:47,Salto,Salto,5,"
Antonella Silvestri",,,,"NVENTARIO
Liceo N° 5 Salto
Libros presentes en biblioteca:
 Cosmos - Editorial Amauta - Gabriel Otero (1 ejemplar)
 Astronomía - Ediciones Destino - Fred Hoyle (1 ejemplar)
 Astronomía General: Teórica y Práctica - Galadí-Gutierrez (1 ejemplar)
 Objetivo Universo - Ediciones Colihue - Feinstein-Tignanelli (1 ejemplar)
 Elementos de Astronomía y Astrofísica - Cassinelli (1 ejemplar)
 Las estrellas - Vicino (4 ejemplares)
 Elementos de Astronomía - Martínez-Cassinelli (1 ejemplar)
 Astrobiología: del Big Bang a las civilizaciones. (1 ejemplar)
 Manual de prácticas elementales de Astronomía - Fernández-Vaio (2
ejemplares)
 Astrolabio (3 ejemplares, 2da edición)
 Astronomía - 1era parte - Hugo Freire (1 ejemplar)
 Relatividad y Cosmología - Gonzalo Vicino (1 ejemplar)
 Guía de campo de las estrellas y los planetas de los Hemisferios norte y
sur. (1 ejemplar)
Los materiales que tienen relación con el trabajo en Laboratorio de Ciencias del
Espacio y Tecnologías Aplicadas son libros únicamente. Y una maqueta de
Sistema-Tierra-Luna.
No se cuenta con cartelería referente a la temática",laboratoriocienciadelespacio@gmail.com,,,,,,,,
23/2/2025 17:57:47,Montevideo,Montevideo,25,Carlos Mariano,,,,"Liceo N° 25 “José Belloni”
Laboratorio de Ciencias del Espacio y Tecnologías Aplicadas
Inventario 2025

Registro Cantidad Descripción-Marca
1 1 Telescopio Meade 114 EQ-AR reflector
2 1 Buscador de plástico (reparado)
3 1 Green Láser Pointer Meade con 2 pilas AAA
4 1 Filtro solar Thousand Oaks Optical type 2+
5 1 Ocular Meade Super Plӧssel 12.4mm
6 1 Ocular Meade M A 9mm
7 1 Ocular Meade M A 25mm
8 1 Filtro lunar polarizado Meade",,,,,,,,,
24/2/2025 17:57:47,Colonia,Nueva Palmira,,Prof. Analía Rodriguez,,,,"Telescopio Reflector Meade Lx 90 8""	trípode y manopla 	Funciona 
	Barlow 1	
		
	Objetivo 	
	Ocular SR4mm 	
	Ocular H25mm 	
	Ocular K10mm 	
	Ocular K25mm 	
	Diagonal Mirror	
Telescopio Refractor Tasco 40-060660	Cuerpo principal	No se puede montar, por rotura en la base del trípode
	Protección contra el sol	
	Lentilla de objetivo	
	Capa protectora  contra el Polvo (quitar antes de mirar)	
	Control micro adjustable de la altitud	
	Botón de enfoque	
	Tubo de enfoque	
	Diagonal	
	Mirilla	
	Abrazadera  del telescópico	
	buscador	
	Botón de bloqueo del Control de la altitud	
	Base de la horquilla (no está)	
	Bloque acimut	
	Bandeja para los Accesorios	
	Pata del tripode (rota)	
	Tomillo de ajuste de la pata del trípode (roto)	
	Pantalla protectora contra el sol	
	Barlow 3,3x y 1,5x	
	Oculares: 2,5mm, 4mm y 25mm	
Libros	Geología, Meléndez- Fuster	Bueno
	Las Estrellas, Gonzalo Vecino	Bueno
	Prácticas de Astronomía	Bueno
	Estrellas y Constelaciones, Günter D. Roth	Bueno
	Elementos de Astronomía, Martinez- Cassinelli	Bueno
	Enciclopedia El Universo Tomo I y II, La República	Bueno
	El Nuevo Sistema Solar, Ramón Canal	Bueno
	Islamic and Western Medieval Science, Histoty of Science	Bueno
	Atoms ande Galaxies: modern physical Science, History of science	Bueno
	Science in Ancient Civilizations, History of science	Bueno
	Instrumentos, Revista uruguaya de Astronomía	Bueno
	Las ocultaciones de estrellas, Revista uruguaya de Astronomía	Bueno
	Cartas estelares, Kappacrucis	Bueno
	Objetivo Universo, Feinstein- Tignanelli	Bueno
	Astronomía General, Galadí - Gutierrez	Bueno
Láminas		",,,,,,,,,
25/2/2025 17:57:47,Rivera,Masoller,,,,,,"Inventario del instrumental del LABORTATORIO de CIENCIAS DEL ESPACO y

TECNOLOGÍAS APLICADAS del Liceo Rural de Masoller

Liceo Rural de Masoller (Rivera) – Año lectivo 2025
Información del Laboratorio:
El Laboratorio de Ciencias del Espacio y Tecnologías Aplicadas pertenece al Liceo Rural de
Masoller, “Gral. Aparicio Saravia”, (departamento de Rivera) y está a cargo del profesor Yonathan
Flores, con una carga horaria de 8 horas semanales, según los aspectos reglamentarios vigentes de
los Laboratorios de Ciencias y Tecnologías del Espacio, dispuestos por la Inspección de Astronomía
de la DGES.
Horarios del laboratorio:
• Martes: 14:20 – 17:20
• Miércoles: 08:30 – 11:20
Estos horarios se establecen de acuerdo con las disposiciones de la Inspección de Astronomía,
asegurando la adecuación a la estructura organizativa del Liceo, que cuenta con dos turnos (matutino
y vespertino), funcionando de 08:30 – 17:20.
Inventario del Instrumental:
El presente inventario ha sido elaborado a partir del registro recibido por la docente a cargo
en el año lectivo 2024, profesora Lorena Leivas, y refleja el estado actual del instrumental. Su objetivo
es dejar constancia del material disponible, su estado de conservación y su uso dentro del laboratorio,
sirviendo como respaldo ante la Dirección del Liceo y la Inspección de Astronomía.
Instrumental Estado

Telescopio Meade 114 EQ-AR
- Lente PLÖSSL 6,4 mm MULTI-COATEO
- Lente SVBONY PLÖSSL 40 mm
- Lente Barlow

Inoperativo
(Trípode afectado)

Telescopio Celestron C70 Mini Mak
70 mm Spotting Scope
(con Trípode, capa y caja)

Bueno
Planetario elemental Bueno
Cartelera de espuma plastificada con información sobre las actividades
del observatorio

Bueno (en construcción,
siempre en construcción)

Carta estelar grande (50 cm x 60 cm)
KappaCrucis
Carta estelar – Mapa de los Cielos Sur y Norte (12 ejemplares)
Región Circumpolar – Región Ecuatorial Bueno
Calendario Astronómico 2006 (Anep)
Calendario Astronómico 2007 (Anep) – 2 ejemplares
Calendario Astronómico 2008 (Anep)
Calendario Astronómico 2009 (Anep)

Bueno

Laboratorio Ciencias del
espacio y Tecnologías aplicadas
Liceo Rural de Masoller | 2025
Profesor: Yonathan Alexander Flores

Laboratorio de Ciencias del espacio y Tecnologías Aplicadas | Liceo Rural de Masoller, Rivera.
Profesor: Yonathan Alexander Flores
El presente inventario está sujeto a modificaciones, dado que se prevé el diseño y ejecución
de un proyecto destinado a la adquisición de nuevos instrumentos y materiales que optimicen el
funcionamiento del laboratorio. Este proceso buscará mejorar las condiciones para la enseñanza y la
experimentación en el área de Ciencias del Espacio y Tecnologías Aplicadas, permitiendo a los
estudiantes acceder a recursos actualizados y de mayor calidad.
Asimismo, con el objetivo de complementar este registro y brindar mayor transparencia sobre
el estado del equipamiento, en el futuro se enviarán fotografías detalladas tanto del instrumental
disponible como del espacio físico del laboratorio. Estas imágenes servirán como respaldo visual del
inventario, facilitando su monitoreo y conservación, así como también la gestión de futuras
incorporaciones y mejoras.",,,https://docs.google.com/document/d/1A79-pKtzW0D1SH_h3dFGKG3CtCx79h0soCgKbN8pqoQ/edit?tab=t.0,,,,,,
26/2/2025 17:57:47,Tacuarembó,Tacuarembó,2,,,,,"Esfera celeste
Globo esfera celeste únicamente con
coordenadas
Lámina sobre: La evolución del Universo

La Vía Láctea
Sistema Solar
Asteroides
Eclipses
Fases de la Luna
La causa de las estaciones
El Sol
La Tierra y su atmósfera
Carta estelar
Estrellas y evolución estelar

Libros
(En biblioteca)

2 Ejemplares de Cosmos de Gabriel Otero
1 Ejemplar de elementos de Astronomía de
Cassinelli
1 Ejemplar de elementos de Astronomía y
Astrofísica de Casinelli
2 Ejemplares de Astrolabio de E. Moreira",,,,,,,,,
27/2/2025 17:57:47,Montevideo,Montevideo,43,Marcelo García,,,,"Profesor de Observatorio Astronómico Marcelo García
 Liceo 43. Abril de 2025
 Inventario de Laboratorio de Ciencias del Espacio y Tecnologías Aplicadas
Relevamiento del material y herramientas astronómicas del Liceo 43.
> Lugar de trabajo:
Laboratorio de Física. Cuenta con escritorio para trabajar con laptop. Instrumentos de laboratorio de Física.
> Libros en Biblioteca:
Conquista de la Luna - Autores: Felix Suttion y Alvin Maurer
Editorial Molino - Barcelona - 1970
Material que me gustaría tener en el laboratorio:
Posters o láminas de Astronomía, Puntero Láser recargable para poder dar clases de observación del cielo
nocturno a simple vista, alguna carta estelar. Telescopio. Los libros siempre son bienvenidos.",elmarcegarcia2011@gmail.com,,,,,,,,
28/2/2025 17:57:47,Montevideo,Montevideo,38,Marcelo García,,,,"Profesor de Observatorio Astronómico Marcelo García
 Liceo 38. Abril de 2025
 Inventario de Laboratorio de Ciencias del Espacio y Tecnologías Aplicadas
Relevamiento del material y herramientas astronómicas del Liceo 38.
> Lugar de trabajo: Laboratorio de Física y Química. Cuenta con escritorio para trabajar con laptop. Instrumentos
de laboratorio de Física y Química.
> Telescopio Ecuatorial Saxon EQ2 Velocity Reflector Telescope
Diámetro del Objetivo D= 130 mm - Distancia Focal F= 900 mm
Ocular 10 mm - 2 trípodes - (Se adjunta Fotografía del Telescopio)
> Libros en Biblioteca:
> Elementos de Astronomía - Autores: Carlos M. Martínez - Aldo A. Cassinelli
Editorial Kapelusz – Montevideo - Edición: 1980 (2 ejemplares).
> Crónicas de la Galaxia – Autor: Tomas Scolarici
Editorial: Aymi – Buenos Aires - Edición: 1976 (1 libro).
> Prácticas de Astronomía - Autor: Gonzalo Vicino
Editorial Monteverde – Montevideo
> Astrolabio – Autores: Eduardo Moreira y Diego M. De Álava
Editorial: Contexto – Montevideo – 2008
Material que me gustaría tener en el laboratorio: Posters o láminas de Astronomía, Puntero Láser recargable
para poder dar clases de observación del cielo nocturno a simple vista, alguna carta estelar. Los libros siempre
son bienvenidos.",elmarcegarcia2011@gmail.com,,,,,,,,
1/3/2025 17:57:47,Montevideo,Montevideo,41,Marcelo García,,,,"Profesor de Observatorio Astronómico Marcelo García
 Liceo 41. Abril de 2025
 Inventario de Laboratorio de Ciencias del Espacio y Tecnologías Aplicadas
Relevamiento del material y herramientas astronómicas del Liceo 43.
> Lugar de trabajo:
Laboratorio de Física y Química y Biología.
Cuenta con escritorio para trabajar con laptop. Instrumentos de laboratorio de Física, Química y Biología.
> Libros en Biblioteca:
> Elementos de Astrofísica- Autores: Aldo A Cassinelli
Editorial Kapelusz – Uruguay
> Astrolabio- Autores: Eduardo Moreira y D. De Álava
Editorial Contexto
> La Enciclopedia del Estudiante- Tomo 5 Ciencias de la Tierra y el Universo
Editorial Santillana- Buenos Aires 2006
> La Enciclopedia del Estudiante- Tomo 7 Física y Química
Editorial Santillana- Buenos Aires 2006
> Pósters en Sala de Profesores:
> Sistema Solar
> Causas de las estaciones
> Historia del Universo y Galaxias (Secuencia Hubble)
Material que me gustaría tener en el laboratorio:
Puntero Láser recargable para poder dar clases de observación del cielo nocturno a simple vista, alguna carta
estelar. Telescopio. Los libros siempre son bienvenidos.",elmarcegarcia2011@gmail.com,,,,,,,,
2/3/2025 17:57:47,Montevideo,Montevideo,43,Marcelo García,,,,"Profesor de Observatorio Astronómico Marcelo García
 Liceo 38. Abril de 2025
 Inventario de Laboratorio de Ciencias del Espacio y Tecnologías Aplicadas
Relevamiento del material y herramientas astronómicas del Liceo 38.
> Lugar de trabajo: Laboratorio de Física y Química. Cuenta con escritorio para trabajar con laptop. Instrumentos
de laboratorio de Física y Química.
> Telescopio Ecuatorial Saxon EQ2 Velocity Reflector Telescope
Diámetro del Objetivo D= 130 mm - Distancia Focal F= 900 mm
Ocular 10 mm - 2 trípodes - (Se adjunta Fotografía del Telescopio)
> Libros en Biblioteca:
> Elementos de Astronomía - Autores: Carlos M. Martínez - Aldo A. Cassinelli
Editorial Kapelusz – Montevideo - Edición: 1980 (2 ejemplares).
> Crónicas de la Galaxia – Autor: Tomas Scolarici
Editorial: Aymi – Buenos Aires - Edición: 1976 (1 libro).
> Prácticas de Astronomía - Autor: Gonzalo Vicino
Editorial Monteverde – Montevideo
> Astrolabio – Autores: Eduardo Moreira y Diego M. De Álava
Editorial: Contexto – Montevideo – 2008
Material que me gustaría tener en el laboratorio: Posters o láminas de Astronomía, Puntero Láser recargable
para poder dar clases de observación del cielo nocturno a simple vista, alguna carta estelar. Los libros siempre
son bienvenidos.",elmarcegarcia2011@gmail.com,,,,,,,,
3/3/2025 17:57:47,Canelones,Canelones,1,,,TELESCOPIO: MEADE LX 90		,"filtro solar de apertura total.		
ocular zoom variable de 8 a 24 mm.		
cable de alimentación de control.		
cable de alimentación para telescopio.		","Butaca cármica base hierro		
Estantería de metal		
Silla tapizada		
Mesa de PC movible		
Mueble metálico cuatro puertas		
Banco taburete		
Pizarra		
Computadora de escritorio reciclado por el docente.		
carta estelar (Mural)		
diversas láminas referentes a trabajos de estudiantes y temas astronómicos 		
10 cartas estelares individuales		
buscadores de estrellas (4).		",hectoradrian2377@gmail.com,,,,,,,,
4/3/2025 17:57:47,Maldonado,Pan de Azucar,,,,"Telescopio LXD75 AT6 (150mm) - Meade

Tiene buscador, pero le faltan las tapas.

Falta la tapa frontal del telescopio principal.

Telescopio Newtoniano 114mm f/8 - S/M

Rota la rosca para acoplar al trípode.

La varilla para fijar posición en el trípode está quebrada.

Tiene buscador.

Telescopio Newtoniano 100mm f/8 - S/M

Con buscador sin retículo.

Portaocular de 0,9"".

Incluye ocular de 0,9"" tipo Kelner de 12,5mm.

El espejo ha perdido aluminizado.

Telescopio refractor - Jason

Sin montura.

Oculares fijos.

Tipo ""juguete"".

Telescopio refractor 60mm f/11.5 - Saxon

Con montura altacimutal de aluminio.

Falta la chapa que une las patas.

Faltan los tornillos que lo unen a la montura.

Tiene orificios para buscador, pero este no está.

Falta el tornillo que fija la posición.

🛠️ Monturas y Trípodes
Montura ecuatorial germánica con buscador polar - Meade

Montura altacimutal con trípode de madera - S/M

Mal estado (se atornilla al telescopio por debajo).

Montura altacimutal de orquilla con trípode de aluminio - S/M

Falta la chapa triangular que une las patas.


","Ocular Plössl 4,5mm 60° AFOV Serie 5000 - Meade

Con caja.

Ocular Kelner 20mm - S/M

Ocular Kelner 12.5mm - S/M

Ocular Kelner 4.5mm - S/M

Con tubo para guardar.

Lente Barlow 2x - S/M

Tiene 1 tapa.

🔋 Baterías y Alimentación
Batería 12V 1A (12V4AH) - RUTA

Mal estado (tiene más de 5 años).

Cargador de batería 12V - S/M

Cargador de celular adaptado para cargar batería.

Caja porta baterías original - Meade

Tiene los cables cortados.
",,,,,,,,,,
5/3/2025 17:57:47,Montevideo,Montevideo,4,Carlos Mariano,,Telescopio Meade LXD 75 Schmidt – Newtoniano con buscador Meade 6x30mm,"Manopla Audiostar Meade

Plataforma con 3 ruedas

Alimentador a pila para Autostar Meade

Ocular Meade Serie 4000 DS Super Plӧssl 26mm

Ocular Svbony Super Plӧssl 40mm

Lente de aumento Barlow 2x Meade

Green Laser Pointer Meade en estuche con 2 pilas AAA

Manta de tela blanca para cubrir el telescopio

","Proyector Acer, Vidialab 3D visión con cable VGA

Fichas adaptadoras (3 unidades): pata plana y redonda, cable VGA a VGA-HDMI

Imágenes (8 unidades): cometa “Eclipse”, Eclipse solar, constelación de Orión y la Luna

Carteleras Amauta (6 unidades): fases de la Luna-eclipses, carta estelar ecuatorial-diagrama HR, Sistema Solar-asteroides y cometas, evolución del Universo-Vía Láctea, órbita de la Tierra-estaciones, Tierra y atmósfera-Sol

Mapas de geología lunar (4 unidades, uno por cuadrante - Sky & Telescope)

Mesa de madera alta con patas de metal pintadas de gris

Bancos altos con asiento de madera y patas de hierro (5 unidades)

Escritorio de profesor en madera enchapada

Sillas de escritorio (2 unidades, modelo Milán, forradas en tela negra)

Sillas de escritorio de madera enchapada (2 unidades)

Televisor LG 32'

Caloventilador Kassel

Pizarra blanca mediana

Borrador de pizarra

Escuadra de madera

Portalápiz negro de plástico y metal

Papelera de plástico gris

Armario de madera enchapado gris

Bitácoras del observatorio (7 unidades: 2013, 2015, 2016, 2017, 2018, 2019, 2022, 2023, 2024)

",camf2210@gmail.com,"Revista Canopus (211 unidades, Enero 2001 - Diciembre 2018)

Carta estelar regiones circumpolares Sur y Norte, desarrollo ecuatorial (101 unidades - Kappa Crucis)

Carta estelar regiones circumpolares Sur y Norte, desarrollo ecuatorial-eclíptico (13 unidades - CED)

Astronómica (H.F. Ulmann)

El Cosmos (M.K. Baumann, W. Hopkins, M. Soluri, L. Nolletti)

Cosmografía o elementos de Astronomía (E. Loedel Palumbo, S. de Luca)

Objetivo Universo (A. Feinstein, H. Tignanelli)

Astronomía General (D. Galadí-Enríquez, J. Gutiérrez Cabello)

Cosmos (C. Sagan) (2 unidades)

Exploremos el Espacio - Los Planetas y Bajo la Tierra (R. A. Gallant)

Observación del Cielo (R. N. Mayall, M. Mayall, J. Wickoff)

La estructura del Universo (G. J. Whitrow)

El Universo (G. J. Whitrow)

La Biósfera (Scientific American) (4 unidades)

Estrellas y Constelaciones (G. D. Roth)

Planetas del Sistema Solar (M. Márov)

Prácticas de Astronomía (G. Vicino)

Astronomía (T. G. Mehlin)

Las Estrellas (G. Vicino) (2 unidades)

Astrobiología: del Big Bang a las Civilizaciones (G. A. Lemarchand, G. Tancredi)

Los Eclipses (P. Couderc)

Astrolabio (E. Moreira, D. M. de Álava) (3 unidades)
",,,,,,,
6/3/2025 17:57:47,Canelones,Solymar,1,"Magela Perez Vezoli
",,"TELESCOPIO REFLECTOR
SCHMIDT-CASSEGRAIN MEADE LX90,
MONTURA AZIMUTAL Y TRÍPODE DE

ACERO","Manopla Telescopio MEADE LX90

Cable de Conexión Manopla-Telescopio

Ocular para Telescopio MEADE - Modelo: Series 4000 DS Super Plössl 40mm

Ocular para Telescopio MEADE - Modelo: Series 4000 DS Super Plössl 26mm

Ocular para Telescopio MEADE - Modelo: Series 4000 DS Super Plössl 6.4mm

Prisma Diagonal MEADE

Lente Aumento Barlow para Telescopio MEADE - Modelo: 2X Telenegative Multicoated

Adaptador SCT - 1.25” (Tubo - Oculares)

Filtro Solar para Telescopio MEADE LX90

Soporte Triangular con Ruedas para Transporte del Telescopio

Transformador 220V - 12V 5A para el Telescopio - Marca Condor

Puntero Láser Verde con Pila Recargable y Cargador

Soporte para Teléfono Celular Impreso en 3D - Fotografía con Telescopio

Carta Estelar Regiones Circumpolar Sur, Circumpolar Norte y Ecuatorial - Marca: Kappa Crucis

Portfolio Tipo Médico en Cuero para Accesorios del Telescopio","Luxómetro - Modelo: LX1010B (4 unidades)

Alargue con Zapatilla 1 mm en Goma sin Tierra

Maqueta del Módulo de Alunizaje del Apolo

Maqueta Cohete Apolo 11

Esfera Armilar Metálica (40 cm de diámetro aprox.)

Inflador de Pie Metálico - Color Rojo

Escritorio para PC - Melamina Símil Madera

Mesa de Madera y Metal Pequeña

Pizarra Blanca Mediana con Soporte en Madera Tipo Caballete

Mueble de Guardado Enchapado Gris, Dos Puertas

Cartelera Amauta (Diferentes temáticas: Fases de la Luna, Eclipses, Sistema Solar, etc.) (4 unidades)

Trípticos: Los Aportes Científicos de las Misiones Apolo - 50 años (27 unidades)

Imágenes B/N del Centro de Equipamiento Didáctico - CES (20 unidades)

Carpetas Plásticas (13 unidades)

Cuaderno de Bitácora 2010

📝 Material a utilizar en 2025:
Silla de Metal y Madera (2 unidades)

Silla de Plástico y Metal Negra

Tablilla para Hojas

Libreta Cuadriculada

Botella de Alcohol en Gel

Botella de Alcohol Eucaliptado

Estufa de Cuarzo Punktal

Papelera Plástica

Pala Plástica

Escoba Plástica

Desodorante de Ambiente",magepv@gmail.com,"Objetivo Universo (Feinstein - Tignanelli)

Anuario Astronómico 2011 - CES

Calendario Astronómico 2004 - CES

Calendario Astronómico 2006 - CES

Paralelo 62 - Uruguay en la Antártida (Ana María De Salvo)

Nuestro Siglo - Tesoro Cultural Vol 2

Nuestro Siglo - Tesoro Cultural Vol 8

Nuestro Siglo - Tesoro Cultural Vol 10

Astrolabio (Moreira - De Álava)

Prácticas Astronómicas (Gonzalo Vicino) (2 unidades)

Las Estrellas (Gonzalo Vicino)

Planetas del Sistema Solar (M. Marov)

El Cosmos y sus Siete Estados (Vasiliev - Staniukovich)

Astronomía Elemental (A. Feinstein)

Vida en el Universo (Carlos M. Varsavsky)

Elementos de Astrofísica (A. Cassinelli)

Elementos de Astronomía (C. Martínez - A. Cassinelli)

Las Etapas de la Astronomía (P. Couderc)

Contaminación Lumínica (CES - CLAYSS) (2 unidades)

Astronomía Parte 1 (Hugo Freire)

Astronomía Parte 2 (Hugo Freire)

National Geographic - Septiembre 2004

National Geographic - Noviembre 2009

National Geographic - Agosto 2010

Cuadernos Temáticos de Geografía 2 - La Atmósfera

Una Visión del Cosmos (Kees Boeke)

Astrolabio (E. Moreira y D. M. de Álava) - Contexto, 2da Edición, 1era Reimpresión (2015)

Fundamentos de Astronomía (Michael Seeds) - Ediciones Omega, Barcelona (1989)

Atlas de Astronomía - Cultural de Ediciones S.A. (1995)

Galileo Galilei (Irene Cruz González, Abraham Nosnik, Elsa Recillas) - Editorial Andrés Bello (1997) (2 unidades)

Cartelera Amauta (Evolución del Universo, La Vía Láctea, etc.) (4 unidades)",,,,,,,
7/3/2025 17:57:47,Colonia,Rosario,,Yanina Velázquez,,"Telescopio Levenhuk modelo 76/300
Tipo: Reflector
Montura: Dobson
Diámetro: 76 mm (se estaría necesitando de ser posible un filtro solar)
Distancia focal: 300 mm","2 Oculares: 6 mm - 20 mm
Barlow: 2x",,lab.csdelespacio.rosario@gmail.com,,,,,,,,
8/3/2025 17:57:47,Rivera,Tranqueras,2,,,"Telescopio Meade LX 90 (200 mm de distancia focal, diseño óptico
Schmidt-Cassegrain)
- Diseño óptico: Schmidt-Cassegrain con controlador Autostar
de mano
- Combina lentes con espejos
- Abertura máxima: 8”
- Longitud Focal (DFT): 2000 mm
- Luminosidad fotográfica: f/10
- Poder de resolución: 0,56 arc seg
- Trípode de campo de altura variable
- Peso total: 14,06 kg","Filtro de apertura total Meade Bueno
Portaoculares Bueno
Adaptador para el codo del telescopio Bueno
Codo con prisma a 1 y 1/4’ Bueno
Visor de campo (buscador) Bueno
Trípode de campo de altura variable Bueno
Manopla Autostar con cordón espiral Bueno
Ocular Svbony (Ploss) de 40 mm Bueno
Laboratorio Ciencias del
espacio y Tecnologías aplicadas
Liceo No 2 de Tranqueras | 2025
Profesor: Yonathan Alexander Flores

Laboratorio de Ciencias del espacio y Tecnologías Aplicadas | Liceo No 2 de Tranqueras, Rivera.
Profesor: Yonathan Alexander Flores

Ocular marca Meade de 25 mm Bueno
Ocular de 6,4 mm marca Meade Bueno
Lente Barlow marca Meade Bueno","Galileoscopio (donado por la profesora Reina Pintos) No operativo, pero apto
para exhibición.

Cartelera de espuma plastificada con información sobre las actividades
del observatorio

En construcción para la
difusión de información
del laboratorio

Carta estelar grande (50 cm x 60 cm)
Carteleras ilustrativas sobre:
- Sistema Solar
- Asteroides, Lunas y cometas
- Eclipses y fases de la Luna
- La Tierra y su atmósfera
- Sol, capas y fenómenos
- Carta estelar y evolución estelar
- Estaciones (causas) y trayectoria del Sol
- Vía Láctea, nebulosas, evolución del Universo y clasificación de
galaxias (según Hubble)",yonathan.flores@docente.ceibal.edu.uy,,,,,,,,
9/3/2025 17:57:47,Rocha,La Paloma,,Guatama García,,,,"En el día de la fecha 11/03/2025, se realizó el inventario
del laboratorio de ciencias del espacio y tecnologías
aplicadas, del liceo de la paloma, a cargo del docente
Guatama García.

Lugar de trabajo: La institución no cuenta con un lugar
específico y adecuado como tal de laboratorio astronómico, por el
momento se estará trabajando en biblioteca.

Inventario
Sillas varias
4 Mesas
1 Pc propiedad de la biblioteca
1 Telescopio robotizado (todavía no puesto en marcha por el
docente encargado del laboratorio, se encontró guardado en un
depósito de liceo y por el momento queda en ese sitio).
- No encontré oculares pero posiblemente estén, todos los
componentes del telescopio, en el deposito.",guatamagarcia@gmail.com,,,,,,,,
10/3/2025 17:57:47,Canelones,Canelones,1,"Héctor Adrián Busio.",,"Telescopio MEADE Mod. 114EQ-AR-D114mm-F-                
F-900mm1/8       ",,"Butaca cármica base hierro                
Estantería de metal                
Silla tapizada                
Mesa de PC movible                
Mueble metálico cuatro puertas                
Banco taburete                
Pizarra                         
Computadora de escritorio reciclado por el docente.                
carta estelar (Mural)                
diversas láminas referentes a trabajos de estudiantes y temas astronómicos                 
10 cartas estelares individuales                
buscadores de estrellas (4).                ",hectoradrian2377@gmail.com,,,,,,,,
10/3/2025 17:57:47,Canelones,Pando,2,Manuel Benitez,,Telescopio Meade LXD75 EMC con su montura ecuatorial.,"1 Manual de instrucciones de telescopios serie LXD75
- 1 Alargue
- 2 Codos porta ocular.
- 1 adaptador Schuko.
- 1 Comando Autostar.
- 1 Transformador para funcionamiento del telescopio
- 1 cable con enchufe de 3 patas (2 planas y una redonda)
- 1 lente Barlow 2x.
- 1 ocular de 40mm
- 1 Ocular de 26mm","Afiches y/o carteleras
- 2 de “Estrellas y evolución estelar”.
- 2 de “La Tierra y su atmósfera” y “El Sol”
- 1 de “Fases de la Luna” y “Eclipses”
- 1 de “Las causas de las Estaciones”
- 1 de “ Sistema Solar” y “Asteroides”.
Todas son de Amauta",manuel.benitez@docente.ceibal.edu.uy,"1 Cuaderno de anotaciones.
Libros en biblioteca:
- 4 tomos de “Guía de campo de las estrellas y los planetas de los hemisferios norte y
sur”. Pasachoff, J. OMEGA
- 1 tomo de “Vida en el Universo”. Varsavsky, C.
- 1 tomo de “Los eclipses”. Couderc, P. Editorial UBA.
- 1 tomo de “Secretos del cosmos”. Roman, C. Biblioteca Salvat
- 1 tomo de “El Universo desbocado”. Davies, P. Biblioteca Salvat.
- 4 tomos de “Las estrellas”. Vicino, G. Monteverde
- 1 tomo de “El cosmos y sus siete estados”. Vasiliev, M. Editorial Paz.
- 1 tomo de “Prácticas de Astronomía”. Vicino, G. Monteverde.
- 1 tomo de “El Universo”. Comellas, J. Salvat.
- 3 tomos de “Anuario astronómico 2011”. CES.
- 1 tomo de “Relatividad y cosmología”. Vicino, G. Monteverde.
- 1 tomo de “Astrobiología: del Big Bang a las Civilizaciones. Tancredi, G. UNESCO
- 1 tomo de “Curso de Cosmografía”. Piaggio, N. Dornaleche editor.
- 1 tomo de “La energía radiante en la atmósfera”. Caimi, E. UBA
- 1 tomo de “Objetivo Universo”. Feinstein, A. Colihue.
- 1 tomo de “Cosmos”. Otero, G. Ed. Amauta.
- 1 tomo de “The life cycles of Stars”. NASA
- 1 tomo de “What is your cosmic connection to the elements?” NASA
- 2 tomos de “An information and activity booklet”. NASA
- 3 tomos de “Manual de prácticas elementales de Astronomía”. Cernuschi. UDELAR.
- 1 tomo de “Manual de Astronomía”. Lauertta, M. Santillana.
- 3 tomos de “Astrolabio”. Moreira, E. Ed. Contexto.
- 4 tomos de “Atlas del cielo”. Vicino, G. Monteverde.
- 4 tomos de “Calendario astronómico 2009”.
- 20 cartas estelares",,,,,,,
10/3/2025 17:57:47,Soriano,Dolores,1,Alejandra Banchero,,"Telescopio Celestron.
 Diámetro 150mm.","Ocular: 25mm.
Manopla.
Puntero láser.
Filtro solar: mandado por el OAM en el año 2023","Tres Ceibalitas Wezen con dos cargadores.
 Binoculares (donación)",alebanchero84@hotmail.com," Libros: -Astrolabio segunda edición; Eduardo Moreira, Diego M. de
Álava; editorial Contexto (dos ejemplares: uno de adquisición propia y
uno propiedad del liceo).
-Astronomía General; David Galadí-Enríquez, Jordi Gutiérrez Cabello
(propiedad del liceo).
-Elementos de Astrofísica; Aldo A. Cassinelli (propiedad del liceo)",,,,,,,
10/3/2025 17:57:47,Rivera,Rivera,5,,,- Telescopio Meade LX90.,"- Valija con implementos:
- Manopla.
- 6 Lentes de : 6,9,13,18,26, 32 y 40 mm.
- 1 Barlow 2x
- 7 Filtros: MOON ND96, LIGHT RED 23A, YELLOW 12, LIGHT YELLOW 8,
BLUE 80A, GREEN 58A, DARK BLUE 38A.
- Filtro Solar
- 1 Brújula (viene en el kit del Telescopio)..
- Batería de 12v para utilización de manopla.","- Contamos con un gabinete exclusivo para el Observatorio Astronómico.
- Un mueble para guardar implementos.

- Cargador de batería 6v-12v-24v de la marca VANSON.
- Transformador 220v, de diferentes voltajes.
- Pizarra.
- Calefactor (Personal).
- Ventilador (Personal).
- Láminas de “Estrellas y evolución estelar” y “Carta estelar”.
- Lámina “Evolución del Universo” y “La vía láctea”.
- SQM (Sky Quality Meter) enviado por el director del Observatorio de Montevideo, Raúl
Salvo. Utilizado en el Proyecto de “Contaminación Lumínica”.
- Junto a la visita de la inspectora de Astronomía Reina Pintos, recibimos
distintos obsequios para agregar a los instrumentos de Observatorio:
- Libro: “Manual de prácticas elementales de Astronomía”- Cernuschi,
Fernández y Vaio.
- Libro: Contaminación Lumínica - “Un proyecto de investigación escolar”.
- 2 cartas estelares.
- 11 Revistas “Canopus” de la asociación de aficionados a la Astronomía:
La razón de Galileo.
En reversa.
Ciudad lunar.
Observando la gran mancha roja.
La cara de Marte.
El primer mapa estelar.
El dibujo astronómico.
¿Qué son los puntos Lagrange?
60 aniversario (2012).

Los domos lunares.
35 años del Voyager.
- Lámina de la superficie Marciana.
Además de la partida que llegó al centro a fines de 2021, se agregan otras
herramientas de gran importancia para el Observatorio Astronómico, como lo
son:
- Binoculares.
- Monocular.
- Brújula.
- Láser.

Novedades:
Ventilador personal.

Se agrega al inventario el día 24/04/2023:

En Mapoteca del Liceo:
Láminas
1 carta estelar
1 Sol, Tierra y su atmósfera
1 Fases de la Luna y Eclipses
1 Estrellas y evolución estelar
1 Sistema Solar y Asteroides
1 Evolución del Universo y Vía láctea
En sala de profesores:
1 Router.
1 Smartbreak.
1 Cámara de detección de Bólidos, BOCOSUR. (Azotea).

Relevamiento en Biblioteca: ha realizar 11/04/2024

Se agregan el día 09/04/2024, tres libros de propiedad del prof Néstor Bustamante, estos
son:
Astrofísica elemental - Cassinelli, Aldo .
Cosmografía - Charola, Florencio.
El profesor Martín Bilbao deja en el mueble de Laboratorio, una réplica del cohete
Saturno V en lego y el módulo lunar (todo de su propiedad).",nestorbustamantepereira@gmail.com,,,,,,,,
13/2/2025 17:35:47,Rivera,Rivera,1,Fernando Santana - Néstor Bustamante,,- Telescopio Meade LXD 75,"- Manopla.
- Lentes de : 6,4 mm, 10 mm y 26 mm.
- 1 Barlow 2x
- Filtro solar N°11.
- Batería de 12v para utilización de manopla.
- Cargador de batería 6v-12v-24v de la marca VANSON.","- Contamos con un gabinete exclusivo para el Observatorio Astronómico.
- Un mueble para guardar implementos.
- Transformador 220v, de diferentes voltajes.
- Alargue.
- Materiales didácticos:
1 Bibliorato con planificación anual, registro de actividades y visitas.
1 Carta estelar pequeña.
1 Carta estelar grande.
1 Lámina de la Luna.
Láminas →
1) Galaxias.
2) Asteroides.
3) La causa de las estaciones.
4) Estrellas y evolución estelar.
5) La Tierra y su atmósfera.
6) Fases de la Luna.
Revistas “Canopus”:
1) Observación de las estrellas dobles.
2) Observación indirecta con “Prismáticos”.
3) Cinturón de Kuiper.
4) Boletín Solar.
5) El sonido de la creación.
6) Distancia Tierra – Luna
7) El origen de la Luna.
8) La aberración cromática.
9) El Teslescopio Porter de jardín.
10) El espectro solar.",nestorbustamantepereira@gmail.com,,,,,,,,
13/2/2025 17:35:47,Artigas,Artigas,2,,,,,"Materiales disponibles en cartelería – Editorial AMAUTA  Carta estelar – Estrellas y Evolución estelar (x2) Evolución del Universo – Vía Láctea.(x2) Sistema Solar – Asteroides. (x2) La Tierra y su atmósfera – El Sol. Fases de la Luna – Eclipses. (x2) La causa de las estaciones. Fotos Galaxia M33. (x2) Eclipse de Sol 12/11/1966 Anillo de diamante.(x4) Cometa “Eclipse” (1984-L). (x3) Dos galaxias espirales M101 y NGC 4565. (x2) Fotografia cielo circumpolar austral.(x3) Nube Magallánica menor y cúmulo Tucán (x4) Nebulosa de Orión. (x3) Galaxia M81. (x2) Galaxia eclíptica NGC 3115. (x2) Galaxia NGC 1201.(x2) Galaxia Ecliptica NGC 4486 (M87). (x2) Galaxia HI 84 (x3) Grupo de Galaxias de Stephan (x2). Nube magallánica mayor. (x2) Ampliación de la Nebulosa de Orión. Galaxia NGC 488 (x2) Galaxia NGC 175 (x2) Cúmulo de galaxias en coma de Berenices (x2) Galaxia NGC 5128 (x2) Galaxia NGC 1300 (x2) Luna de tres días. (x4) Libros. Elementos de cosmografía – Alberto Reyes Thévenet – Montevideo 1981 – 9na edición – Monteverde. Astronomía general. Teórica y práctica – David Galadí – Enriquez – Jordi Gutiérrez Cabello – Ediciones Omega 2001 – Barcelona España (por 2 ejemplares). Elementos de Astronomía y Astrofísica – Aldo A. Cassinelli – 2007 – Ed. Tradinco – Montevideo (por 2 ejemplares) Elementos de Astronomía – Actualización Aldo A. Cassinelli – Ed. Kapeluz – 2004 – Montevideo . Astronomía 1era Parte – 1er año bachillerato diversificado – Hugo Freire – Ed. Monteverde – 1era Edición 1981. Astronomía 2da. parte – 1er año bachillerato diversificado – Hugo Freire – Ed. Monteverde – 1era Edición 1981. Consejo Nacional de Educación – Observatorio Astronómico de Montevideo – Calendario de acontecimientos Astronómicos para el año 1983  N° 7 – Montevideo (por 2 ejemplares) Consejo Nacional de Educación – Observatorio Astronómico de Montevideo – Calendario de acontecimientos Astronómicos para el año 1984  N° . Prácticas de Astronomía – Gonzalo Vicino – 1era Edición – 1991 – Ed. Monteverde – Montevideo – Uruguay. Sala de Informática 	El centro cuenta con una muy bien sala de informática equipada con 14 equipos funcionales para el desarrollo de diferentes actividades, como hacer un conteo de estrellas por globe at night, trabajos con stellarium y ISS predictor les da los pasajes de las estaciones espaciales ISS y Tianghon.   No se cuenta con instrumental de observatorio, láser, binoculares, telescopio, etc.",,,,,,,,,
7/3/2025 18:11:34,Montevideo,Montevideo,65,,,Marca MEADE 114 EQ-AR con montura y con manual D = 114mm F = 900 mm 178 (con tapa plástica)3," Filtro solar Oculares: Uno 12,4mm multifocal Uno MA9mm Uno MA25mm Un filtro polarizado #","Material didáctico: Una esfera celeste  1 ballestilla artesanal de conglomerado. 2 láminas Amauta (Luna y Marte) 2 cartas estelares grandes para colgar 5 láminas Amauta 1 Tirion, W., Sinnott, R.W.. (1998) SkyAtlas 2000.0. Cambridge  University  Una revista sobre contaminación lumínica (del profesor Fariello) 6 AAA (2002). Canopus. Revista Uruguay de Astronomía. Nos. 1, 5, 6, 7, 9 y 11. Imprenta Express 1 Lecturas del Cielo. Libros de Astronomía de la Biblioteca Nacional (Argentina). 2010.  Muebles y accesorios: Un escritorio con silla tapizada  Un televisor 30 pulgadas marca “AOC” (no smart) Una escalera de aluminio de 6 escalones para acceder a la azotea Una escalera pequeña de caño de 2 escalones para observar 1 alargue blanco amurado con 5 entradas Schuko 1 pizarrón de de 1 X 1:50  El observatorio no cuenta con Libro de curso (Astrolabio) Laser verde para observaciones y ceibalita para trabajar con los alumnos.",,,,,,,,,
10/3/2025 17:57:47,Salto,Salto,3,Profesor: Ruben Boada,,Kit Galileoscope F/10 refractor ,Binoculares,ELEMENTOS	TOTAL Esfera Astronómica	1 	 	 Carteles	Total Carta Estelar	2 Fases de la Luna y Eclipses	3 Evolución Estelar	1 Estaciones	3 Sistema Solar	2 El Sol	2 La Tierra y su atmósfera	3 Evolución del Universo	2,oam.labs@gmail.com,"Nuevas imágenes del Sol	National Geographic	1
Anuario Astronómico 2010		1
Objetivo Universo	Feinstein-Tignanelli	1
Elementos de Astrofísica	Cassinelli	3
El Universo II (Enciclopedia juvenil científica)	La República	1
Manual de prácticas elementales de Astronomía	Cernucschi -Fernandez- Vaio	2
Carta Estelar	Kappacrucis	17
Atlas del Cielo	Vicino	1
Astronomía Elemental	Feinstein	1
Atlas de Astronomía		1
Astrolabio (segunda edición)	Moreira - de Älava	1
El cometa	Sagan - Druyan	1
Anuario Astronómico 2011	CES	2
Astronomía General	Galadí	1",www.google.com,,,,,,
11/3/2025 17:58:59,Rocha,Rocha,1,Guatama García,,2 Telescopios pero solo funciona 1,"Oculares varios – 8mm, 40mm, 2 de 26mm. 1 Lente Barlow x2. 1 Brújula pequeña 1 Green laser pointer 1  Filtro solar","4 Sillas de hierro 3 Bancos 2 Telescopios pero solo funciona 1 1 Muble con objetos varios 1 Papelera Maquetas varias Carteles y/o posters varios grandes y chicos 1 Pc propiedad del docente Oculares varios – 8mm, 40mm, 2 de 26mm. 1 Lente Barlow x2. 1 Brújula pequeña 1 Green laser pointer 1 Trincheta 1 Cinta 1 Filtro solar  1 Globo terráqueo 1 Libro de registro de visitas antiguas, que se pondrá en uso este año.",oam.labs@gmail.com,,,,,,,,
23/4/2025 20:31:56,Canelones,Empalme Olmos,1,nv,nc,,,"Inventario del Laboratorio de C.E. y T.A. del liceo Empalme Olmos
Al momento de comienzo del año lectivo no hay posters astronómicos, ni telescopio, tampoco
hay lugar específico para desempeñar el cargo, por lo tanto se usará el espacio de sala de
profesores o Biblioteca para el espacio de Laboratorio.",oam.observatoriodemontevideo@gmail.com,"Relevamiento del material bibliográfico:
Cantidad Material
1 Astrolabio, Editorial contexto.
1 Astronomía General (Galadí-Gutierrez)
8 Elementos de Astronomía (Casinelli)
3 Elementos de Astronomía (Casinelli) Edisión 2002
1 Panorama de la Astronomía Moderna.
1 Síntesis de Astronomía(Juan Carlos Sabaté)
1 Calendario Astronómico 2008
1 Calendario Astronómico 2009
1 Anuario Astronómico 2010
1 Anuario Astronómico 2011
23 Carta Estelar
2 Manual de prácticas elementales de Astronomía
1 La Luna, Marte y los Meteoritos (Geological Museum)
2 El Sistema Solar 1977 (selecciones de Scientific American)
20 Fotografías plastificadas en blanco y negro de Cuerpos Celestes.",nc,observatorioempalmeolmos@gmail.com,,,,,
5/5/2025 11:30:47,Maldonado,San Carlos,1,Valentina Pezano ,Lunes 9:10 a 12:10 y Jueves de 18:15 a 21:15,"Refractor antiguo de 20cm de apertura, distancia focal de 200mm","1 Ocular de 9mm, 1 Ocular 26mm, 1 manopla , 1 batería , Acodadado Meade, Filtro solar meade  SF #950, Lente Barlow , Adaptador celestron  1 ¼

",,obsliceo1sancarlos@gmail.com,,https://docs.google.com/document/d/12wHIYNcPSqLJNGhKnR3CU6h4SxIX0zg0kpsNY4wh0ec/edit?usp=sharing,valekepler@gmail.com, Meade Lx90 ,,4,"Entra agua por la puerta azotea, entra agua por la cúpula, luces de cúpula quemadas y telescopio meade lx90 no le funciona motor de altura o manopla para esta opción ","https://drive.google.com/open?id=1JLXjAPRjw5cF7wSjqpoi8sxU8eTJggWD, https://drive.google.com/open?id=1yYeAgcBqhIFhSSzq8r2uo7nTuGXnsYm2, https://drive.google.com/open?id=1nG58alR2fPsg8x_NWq0FK-aFYWlFRCSm, https://drive.google.com/open?id=1YjkkIN0iAZIp08URwdB0mMbF6yxfyoIn, https://drive.google.com/open?id=1rk_nbxrY6JGSQ61j-8uC2bzwJQTfdPpO, https://drive.google.com/open?id=1LfcFmKK7opTHL5LocWl7YwWk1VPsCtl-, https://drive.google.com/open?id=1sMmjTSH_rkMEpDcht9Dsq6bIGURQPeJb, https://drive.google.com/open?id=1sZsZKO_NemlLzOxQAT71W1CTib1f3fOs, https://drive.google.com/open?id=1JWlXIOPAut28tB8CjZtf5psxR-minehX"
15/5/2025 18:55:30,San José,Playa Pascual,1,Ariel Benzano,Martes de 15:45 a 17:15 y jueves de 16:30 a 21:00 hrs.,Meade modelo 114 EQ-AR (114 mm),"Meade MA 25mm, Meade Super Plossi 12,4 mm Multi-coated, Meade MA 9 mm, Meade Super Plossi 12,4 mm Multi-coated, Meade 3x telenegative Multi-coated y filtro solar",,ariel.benzano@docente.ceibal.edu.uy,"2 cartas estelares y cartas expositivas  sobre Evolución del Universo, Clasificación de las Galaxias, imágenes de nebulosas, Sistema Solar, Fases de la Luna y Eclipses, el Sol.",https://docs.google.com/document/d/1maSC2UisDJrAq8DTEuhaEyTKxn7NfkKM6W4mV1iyxoc/edit?tab=t.0,ariel.benzano@docente.ceibal.edu.uy,,,5,,https://drive.google.com/open?id=1vmg1YCe2ykQdWFTlEmtmJPqlE5-OyVzn
21/5/2025 11:52:56,Canelones,Atlántida,1,Gerardo Coronel,Martes 9:00 a 10:30 y 18:30 a 20:00.  Jueves 13:45 a 14:45 y 16:30 a 18:30," Telescopio reflector Meade de 30cm de diámetro en espejo primario, montura Dobson (altazimutal).","Set de oculares: ocular Plossl SVBONY 40 mm, ocular Super Plossl MEADE 26mm y lente Barlow MEADE (2x) de enfoque corto.
Filtro solar.
",Cartelera específica de difusión de eventos y materiales.,gerardo.coronel1911@gmail.com,,Se comparte.,099856870,,Sería conveniente contar con un puntero laser de largo alcance para las jornadas nocturnas de observación.,4,,
26/5/2025 17:39:18,Rocha,Rocha,1,Guatama Garcia ,Lunes de 15:50 a 18:50  y Jueves de 8:00 a 11:00,"El Telescopio es en calidad de préstamo de la intendencia departamental ya desde hace varios años, es un telescopio Celestron N8 Schmidt telescope , apertura 8in, F/10 efl 80in.","2 oculares de 26mm de los cuales solo 1 funciona bien, 1 ocular de 40mm y uno de 8mm, una lente barlow x2, un codo del telescopio, una brújula, un filtro solar un laser color verde, una trincheta.",,guatamagarcia@gmail.com,"El Observatorio cuenta con varias cartelerías en general y/o poster sobre astronomía como por ejemplo: mapa sobre los cráteres Lunares, evolución estelar, eclipses, fases de la Luna y estaciones, también mapas estelares entre otros, en la biblioteca de la institución se encuentran algunos libros de astronomía.",https://drive.google.com/drive/folders/13Lv0kBsoWj6bYXq4nJho0KNtfpu-42Kp?usp=drive_link,098160078,,,4,"El telescopio funciona bien le haría falta alguno arreglos, importantes mas que nada en su buscador, el cual funciona pero ya esta para un cambio y en cuanto a la movilidad del telescopio es bastante pesado y su trípode al moverlo del lugar suele desarmarse, mas que nada  la parte de las patas, es imposible bajarlo para el primero piso o el patio del liceo , ya de por si es muy difícil moverlo hacia la terraza.",https://drive.google.com/open?id=1OaVUcRjBbOrFjM_b-Ode_RXb8iyT0_PB
29/5/2025 15:57:22,Rocha,La Paloma,,Guatama Garcia,Martes de 14:30 a 17:30 y Jueves de 14:30 a 17:30,"Meade instruments LX90 ACF, El telescopio esta en bastante buen estado todavía no se a probado la parte eléctrica.","Oculares de varios milímetros 17,32,13,25,10 , también se encontró un filtro solar para el telescopio principal, una lente Barlow x3 y una x2, control remoto del sistema autostar y una brújula.",,guatamagarcia@gmail.com,En la biblioteca se encuentran libros de astronomía.,https://drive.google.com/drive/folders/1FDEJNFYcniEN40Gcp-cME-8v7SdUNb9X?usp=drive_link,098160078,"Tambien se encontro otro telescopio en el liceo de menor porte que el principal, algunas caracteristica de este telescopio: Model 40070 telescope , Focal length: 400mm, diam: 70mm , coated lens.",,4,"El laboratorio de ciencias del espacio y tecnologías aplicadas, no cuenta con un espacio físico como tal de trabajo, el docente cumple su función en la biblioteca o algunas veces sala docente, los telescopios por el momento quedan guardados en el deposito.
Se necesitaría un carrito para poder mover el telescopio cada vez que se precise. ",https://drive.google.com/open?id=1iSiuEh3EJazkPtv2zMwJgc8FC-MSsD9V
3/6/2025 17:59:03,Tacuarembó,Paso de los Toros,1,Marina Lorena Quiroga ,Lunes: 18:00 a 20:15.  Martes : 16:30 a 20:15,Made LX 90,"1 cable toma corriente, trípode y carro, 1 prisma diagonal Made 1,25'', 1 soporte para ocular 1,25'', 1 ocular 25mm",1 Galileoscope de 5 mm incompleto ,muyo07643@gmail.com,"25 imágenes en blanco y negro(antiguas), 15 láminas didácticas a color, 21 libros de texto Astrolabio de editorial Contexto, 6 cartas celestes, ",https://docs.google.com/document/d/1aWEXUI7gOgzKfpkfzLXxCp_Khz8Tt66bXs5QL4QHqX4/edit?tab=t.0,098284485,,"Mi proyecto anual, trata sobre restaurar el espacio del observatorio, poner en correcto funcionamiento el telescopio y comenzar a hacer jornadas de observaciones. Me interesa obtener un filtro solar, ",5,"Se agradece si se puede enviar accesorios para el telescopio, como oculares y filtro solar. Gracias","https://drive.google.com/open?id=10_FFDPE3oHMSArx_m9Aa8KtZ4xBIauUp, https://drive.google.com/open?id=1RggD8g8dSuO8ZVGoDyhLZYhD0vYH0ine, https://drive.google.com/open?id=1wEyDpTcynqPWT9IeiRVF43CprdW1w8fe, https://drive.google.com/open?id=1M4q9tkfwKOZDxNHBhqeQ4HlyjFL-mWJM"
10/6/2025 15:08:22,Montevideo,Montevideo,58,Cristina Rodriguez,"Lunes de 15:00 a 16:00, Miércoles de 18:15 a 20:15 y Viernes de 12:00 a 15:00","Telescopio Meade LXD 75 (Reflector con tubo óptico Newtoniano, apertura de 152mm y 762mm de distancia focal.","Set de oculares para el Meade tiene 5 Plôssl, de 6mm, 9mm, 13mm, 18mm, 32mm y un lente Barlow 2x.
En el otro estuche de accesorios hay 3 oculares Super Plôssl de 12.4mm, 26mm y 40mm, y además un portaoculares.
Filtro solar.","Antena WI-fi Belkin, Cámara planetaria, Binoculares 10x50, Cámara Nikon Reflex, Proyector, 2 PC, 1 Impresora (en reparación),Ventilador, Calo ventilador, 1 mesa, 3 sillas simples y 41 sillas con posa-brazos, 2 pizarras blancas, 2 escritorios, 2 armarios, 1 estantería de metal, 2 sillas de escritorio, 1 linterna, cartelera, 1 Globo Terraqueo.",observatorioliceo58@gmail.com,"3 Cartas Estelares (Kappa Crucis), Elementos de Astronomía y Elementos de Astrofísica (Cassinelli), Los tres primeros minutos del Universo (Weinberg), El Cosmos (Bondi), El Sol (Rovira), El Sol (Abetti), Cien mil millones de soles (Kippenhahn), De los átomos a los Quarks (Trefil), Una estrella llamada Sol (Gamow), Problemas y ejercicios prácticos de Astronomía (Vorontsov-Veliaminos), Mecánica cuántica (Artús-Crehuet), Manual de prácticas elementales de Astronomía (Crrnuschi-Fernández-Vaio), Astronomía Elemental (Feinstein),Astronomía (Freire), Vida en el Universo (Varsavsky), El cometa Halley (Vicino), Enciclopedia El Universo (tomos 1 al 5), Enciclopedia Sarpe de la Astronomía (tomos 1(2), 2, 3, 5(2) y 6 ), 34 revistas Canopus, 2 posters de Via Láctea, carteles de Amauta, fotografías de ESO y NASA, Mapa lunar, 34 elemplares de la revista Viaje a través del Universo, Sky Atlas,",Ya fué compartido.,091495692,,,4,,
16/6/2025 15:33:24,Rivera,Rivera,7,Martín Bilbao,Lunes 13:30 a 16:05 Martes  Miércoles,Telescopio Meade LX90: Catadióptrico. ," Del telescopio:
*Cargador MEADE O'7202 #918A Diagonal Prism (1.25”) 
 *DVD AutoStar Suite 
* 3 llaves Allen 
* con manopla inalámbrica y buscador                       
*Brújula pequeña (asociada al telescopio)     	
 *Filtro Solar 
*lente Barlow x2 
*lente 6 mm 
*lente 8 mm
 *lente 17 mm 
*lente 26 mm
 *lente 32 mm
 *filtro naranja n° 21
 *filtro azul n° 80A
 *filtro verde n° 56 y n° 58
 *filtro rojo n° 25 
*filtro amarillo n° 12
 *filtro ND 0.9 Luna  *Binoculares

Otros:

*Brújula
*Puntero Láser
* Cañón conseguido el 5/05/25


","* Rampa  removible de acceso para la terraza para personas con discapacidad motriz.
* Ventilador
*Cartelera
*Pizarrón móvil
* Sillas 
*Armario ",lorenapaolaleivasnogueira@gmail.com,"Láminas:
1. 	“Carta Estelar y evolución estelar” x2
2.	“La causa de las estaciones” x2
3.	“Luna y sus fases” x2
4.	“Asteroides y Sistema Solar”
5.	“Sol y la Tierra y su atmósfera”
6.	“Vía Láctea y evolución del universo”
",https://docs.google.com/document/d/1bs-xIQ8_j_xjo_V3OeZEUr1bs0LFwf2H/edit?usp=sharing&ouid=108837393251354483331&rtpof=true&sd=true ,099088754,No tenemos otro.,,5,,"https://drive.google.com/open?id=1gYicEhPHyAk9gX9GJour7qfBHmShuTjF, https://drive.google.com/open?id=1-4aXqCFQl5WfH3lTBYKLztwAnSMjv7-A, https://drive.google.com/open?id=11ZA8johzqhssysS7rHgNfZUXjxhT7STs, https://drive.google.com/open?id=17v_vhIG-HolW2AHuvuJJfVIRVCP0G-Oq, https://drive.google.com/open?id=1AUQIlrH_tj6cRSpww85tHV6X2sCK4Anx, https://drive.google.com/open?id=1x74b8Je-e5JtzYdGFEfgGd8byn-7euOX, https://drive.google.com/open?id=1DZhA2xwQRKIyyF53m1NIAd0Y-h6hisKQ"
9/9/2025 17:32:52,Tacuarembó,Paso de los Toros,1,Marina Lorena Quiroga,Lunes de 18:00 a 20:15. Martes de 16:30 a 20:15,MADE LX 90,"1 cargador de 12v.
1 Ocular MADE de 26mm
1 Prisma Diagonal 1,23""
1 Soporte para ocular 1,25""","3 Láminas de Fases Lunares/ Eclipses
3       ""         de La causa de las estaciones
3        ""        de La evolución del universo/Vía Láctea
2        ""        de El Sol / La Tierra y su atmósfera
2        ""        de Sistema Solar/ Asteroides
2        ""        de Evolución estelar / Carta Celeste",muyo07643@gmail.com,"13 Ejemplares de Carta celeste
25 Libros de texto Astrolabio
3 Fascículos de revista  Mochila, con temática Astronomía
47 Revistas de la Asociación de Aficionados a la Astronomía de Uruguay
9 Textos antiguos sobre Astronomía (Ediciones desde el año 1922)",https://docs.google.com/document/d/1aWEXUI7gOgzKfpkfzLXxCp_Khz8Tt66bXs5QL4QHqX4/edit?usp=sharing,098284485,No,"Mi proyecto anual se trata de recuperar y reacondicionar el espacio del Observatorio, me gustaría incursionar en un proyecto sobre contaminación lumínica. Nos vendría bien instrumentos necesarios.",5,,
,Canelones,Solymar,1,Manuel Benitez Honey Griego,,Meade LX90 (20cm),"Carro de transporte del telescopio Buscador Manopla Prisma Ocular 6,4mm Ocular 26mm Ocular 40mm Barlow 2X Filtro solar Brújula Puntero láser Adaptador para celular (impreso en 3D) alargue Alargue 4 luxómetros","mailmanuelbenitezd1994@gmail.com honeygriego@gmail.com Enlace al parte diario (Prof. Manuel Benitez)
https://docs.google.com/document/d/1ABDzsyRRszlyTIXaAiYQ59LfscC6cxTfrzXva2eADrA/edit?usp=sharing",,,,,,,,,
,Canelones,18 de Mayo,,Herbert Cucurullo,,Saxon refractor de 3¨,,,,,,,,,,,
,Canelones,Paso Carrasco,,Mario Ardente,,Telescopio newtoniano con montura ecuatorial,"Ocular 9mm
Ocular 25mm",91832931	25255791	galileilinceo15@gmail.com,,,,,,,,,
,Canelones,Las Piedras,1,"Roberto Burgues	99907350	23645141	rburgues@gmail.com
Sebastian Femenias	99327360		fembla@gmail.com",,"Meade LXD75
Tasco 114mm","Montura robótica 
Tripode Tasco
Carro de hierro para telescopio
Alargue de 40m
Filtro solar
Soporte para ocular lineal
Soporte diagonal
Barlos 2X
Ocular 6,4mm
Ocular 26mm
Ocular 40mm
Manopla de seguimiento","Problemas de apertura y rodamiento, Necesita cambio de piñón de apertura",,,,,,,,,
,Canelones,Canelones,1,Hectór Busio (2 x 8)	91800672		hectoradrian2377@gmail.com,,"MEADE 114 EQ-AR
D=114mm
F=900mm
f/8","9mm
25mm
40mm
Filtro solar?","Butaca cármica base hierro		
Estantería de metal		
Silla tapizada		
Mesa de PC movible		
Mueble metálico cuatro puertas		
Banco taburete		
Pizarra		
Telescopio MEADE Mod. 114EQ-AR-D114mm-F-		
F-900mm1/8		
Computadora de escritorio reciclado por el docente.		
carta estelar (Mural)		
diversas láminas referentes a trabajos de estudiantes y temas astronómicos 		
10 cartas estelares individuales		
buscadores de estrellas (4).		",,,,,,,,,
,Canelones,Barros Blancos,2,"Magela Pérez	91436505		
Andrée Bourdieu	99927728		geoastro2020@gmail.com",,Meade LX90,"Prisma diagonal
Lente barlow
Ocular 6,4mm
Ocular 26mm
Ocular 40mm
Filtro solar 
Planetaria Meade Imager Dsi II
Manopla
Brújula
Manual
Galileoscopio",,,,,,,,,,
,Canelones,Sauce,2,Marcelo Cabrera (2 x 8)	98929144	22940067	cabreramarcelo24@gmail.com,,Meade LX90,"Ocular 12mm
Ocular 17mm
Ocular 20mm
Ocular 25mm
Buscador
Filtro solar
Porta ocular
Rueda de enfoque
Manopla
Tapa del telescopio
Tornillos colimadores (de plástico)","● -Telescopio Meade LX 90.
● -Accesorios: oculares de 12mm, 17mm, 20mm y 25mm.
● -Incluyendo codo y barlow
● -Buscador, filtro solar, porta ocular, rueda de enfoque, controlador de computadora, tapa
de plástico para lentes objetivo y tapa metálica para los oculares. Dos tornillos de plástico
para ajustar el buscador. Trípode y montura.
● -Puntero láser verde.
● -Mapa estelar, bibliografía básica de Astronomía (Elementos de Astronomía, Elementos
de astrofísica, Astrolabio, etc.)
● -Seis carteles didácticos doble faz de editorial Amauta.
● -Computadoras: hay tres compartidas con otras asignaturas.
● -Lugar físico interno del observatorio: en la biblioteca liceal.
● -Lugar físico en donde se realizan las observaciones :cancha ubicada al lado del edificio
liceal.
● -Todos los cuadernos en donde se llevan las bitácoras de las actividades realizadas
hasta el presente, tienen los nombres de las personas que han participado en dichas
instancias. ",,,,,,,,,
,Canelones,El Pinar,1,Manuel Benitez,,,,"Enlace al parte diario (Manuel Benitez)
https://docs.google.com/document/d/13ShlqWd7p4fCulpU_R8wk95iaFuHN0WJjUlNfuzD6fM/edit?usp=sharing",,,https://docs.google.com/document/d/1BIA8AoA7ugv7lDf3Ncig5fnNv-rIpuLNwxjfnRu34ro/edit?tab=t.0,,,,,,
,Canelones,Santa Lucía,1,María Eugenia Martínez	eugeniamartinez011@gmail.com	92336498,,,,"Recursos

Telescopio
Laser
Ceibalitas
Filtro Solar
Pizarrón
Hojas
Marcadores
Cartas celestes
Láminas
Cartelería",,,,,,,,,
,Canelones,Progreso,,Renzo Valentini	renzovalentini@hotmail.com	98741178,,,,,,,,,,,,,
,Canelones,Atlántida,1,Gerardo Coronel	gerardocoronel1911@gmail.com	99856870,,Telescopio  reflector Meade con montura Dobson (altazimutal) con tubo de 32 cm de diámetro.," Set de oculares que entregó el OAM en 2024: ocular Plossl SVBONY 40 mm, ocular Super Plossl MEADE 26mm y lente Barlow MEADE (2x) de enfoque corto.   

Filtro solar de 33cm de diámetro exterior que se recibió desde OAM en 2024.","Bibliografía disponible:
- Manual de Prácticas Astronómicas, de Cernuschi, Fernández, Vaio (2)
- Las estrellas, de Gonzalo Vicino (7)
- Elementos de Astronomía, de Aldo Cassinelli (5)
- Elementos de Astrofísica, de Aldo Cassinelli (1)
- Astrolabio, de Eduardo Moreira y Diego de Álaba (5)
- “Astronomía” 2da parte, de Hugo Freire (1)
- Además algunos Anuarios, Cartas Estelares y otros libros con contenidos
vinculados con la Asignatura.",,,,,,,,,
,Canelones,La Paz,1,Alejandro Pereiras	alejandropereiras88@gmail.com,,,,,,,,,,,,,
,Canelones,Soca,,Damian Barrios	damiansolymar@gmail.com	91911822,,,,,,,,,,,,,
,Canelones,J.Suárez,,VACANTE,,,,,,,,,,,,,
,Canelones,Toledo,1,Carlos Camí	carloscamimachado@gmail.com	95490033,,No tiene,No tiene,"""láminas didácticas"" de Astronomía",,,,,,,,,
,Canelones,Las Piedras,3,Renzo Valentini	renzovalentini@hotmail.com	98741178,,,,,,,,,,,,,
,Canelones,Pando,2,Abelino Valdez 	abelinov@gmail.com	92951746,,,,,,,,,,,,,
,Canelones,Los Cerrillos,,Eugenia Martinez	eugeniamartinez011@gmail.com	92336498,,,,,,,,,,,,,
,Canelones,Salinas,1,Honey Griego,,,,,,,,,,,,,
,Canelones,San Jacinto,,Anair Cardozo	elizetcardozo@gmail.com	99929263,,,,,,,,,,,,,
,Canelones,Shangrilá,,Manuel Benitez	manuelbenitezd1994@gmail.com	92086919,,,,,,,,,,,,,
,Canelones,La Paz,2,Roberto Burgues	rburgues@gmail.com	99907350,,,,,,,,,,,,,
,Canelones,Solymar,2,Andrée Bourdieu	geoastro2020@gmail.com	99927728,,,,,,,,,,,,,
,Canelones,Atlántida,2,Gerardo Coronel	gerardocoronel1911@gmail.com	99856870,,El Liceo no cuenta con instrumental astronómico.,,"Bibliografía disponible:
- Las estrellas, de Gonzalo Vicino (1)
- Elementos de Astrofísica, de Aldo Cassinelli (1)
- Astrolabio, de Eduardo Moreira y Diego de Álaba (2)
- Además algunos Anuarios y escasos libros con contenidos vinculados con la
Asignatura.",,,,,,,,,
,Tacuarembó,Tacuarembó,1,"Pamela Ferreira (2x8)	pameferreira0405@gmail.com	99444758
Marcia Lima	limam6561@gmail.com	98481731
María Machado	ivannu014@gmail.com	91672795",,"Meade LX90
Refractor Milo","Ocular 32mm de 1,25""
Ocular 26mm de 1,25""
Ocular 6,3mm de 1,25""
Prisma 90° de 1,25""
Barlow 2X
Filtro solar
Ocular 20mm de 1""
Ocular 12,5 de 1""
Prisma de 90° de 1""",,,,,,,,,,
,Tacuarembó,San Gregorio de Polanco,,Marcia Lima,,"telescopio reflector de 114 mm de apertura y
distancia focal de 900 mm,",,"El laboratorio de CETA no cuenta con un espacio físico predeterminado, sino que compartimos con el
Laboratorio genérico de la institución, lugar donde está el telescopio reflector de 114 mm de apertura y
distancia focal de 900 mm, el cual fue adquirido mediante beneficios hace algunos años atrás por la
docente que se encontraba en este cargo.
Los materiales a continuación descritos son los que se encuentran disponibles:
- 1 carta estelar (cartelera grande)
- Diferentes carteleras informativas de los siguientes temas:

- Estrellas y evolución estelar
- Sistema Solar y sus componentes
- Movimiento aparente y anual del Sol
- Luna
- Evolución del Universo
- Sistema Solar

- Imágenes varias (Galaxias, Sol, Luna) de “Colección de Fotografías Astronómicas” del Consejo de
Educación Secundaria Básica y Superior realizada por el Observatorio Astronómico, años 1945-46
- Sistema Sol-Tierra-Luna, el cual se encuentra roto, pero como proyecto interdisciplinario con la
Unidad Curricular Física se pretende arreglarlo y ponerlo en funcionamiento
- En Biblioteca contamos con libros para estudiantes y profundización de diversos temas.",,,,,,,,,
,Tacuarembó,Tacuarembó,2,Robert Suárez	robertsuarezp@hotmail.com	92067526,,,,,,,,,,,,,
,Tacuarembó,Paso de los Toros,1,Laura Viera	laura190277@hotmail.es	98731440,,,,,,,,,,,,,
,Soriano,Dolores,1,,,Meade 114EQ-AR,"Ocular 25mm
Ocular 9mm
Barlow 2X
Filtro solar?",,,,,,,,,,
,Soriano,Mercedes,,,,Reflector newtoniano Hokenn,"Ocular 40mm
Ocular 20mm
Ocular 10mm
Barlow 2X",,,,,,,,,,
,Soriano,Cardona,,VACANTE,,,,,,,,,,,,,
,San José,Playa Pascual,1,Roberto Rosso	drossosacco@gmail.com	99080273,,,,,,,,,,,,,
,San José,San José,1,"Martin Tejeda	martinjaviertejeda@gmail.com	94621341
Sergio Sosa	adriansosa13@gmail.com	98721434",,"Meade LX90
Carl Zeiss","Ocular 26mm
Ocular 24mm
Ocular 8mm
Filtro solar casero
Puntero láser",,,,,,,,,,
,San José,San José,3,Claudia Matto	claumatto1982@gmail.com	99568468,,,,,,,,,,,,,
,San José,Libertad,,Claudia Matto	claumatto1982@gmail.com	99568468,,,,,,,,,,,,,
,San José,Rincón de la Bolsa,,Claudia Matto	claumatto1982@gmail.com	99568468,,,,,,,,,,,,,
,San José,Delta del Tigre,,Claudia Matto	claumatto1982@gmail.com	99568468,,,,,,,,,,,,,
,Salto,Salto,3,Ruben Boada	rubenemilioboada@gmail.com	99436413,,No tiene,,,,,,,,,,,
,Salto,Salto,4,Ruben Boada (2x8)	rubenemilioboada@gmail.com	99436413,,"Saxon Newtoniano montura ecuatorial
Refractor de 4""","Seguimiento de dos velocidades
Ocular 26mm
Ocular 10mm
Barlow 2X
Filtro solar
Binoculares Celestron 20x80
Binoculares Nikkon 16x50
Binoculares Bushnell 16x50
Binoculares Saxon 12x32","Diferencia con inventario enviado por el docente:

No figura en el inventario del docente el telescopio refractor de 4´´
Los oculares no coinciden
No figuran los binoculares
No figura barlow 2x",,,,,,,,,
,Salto,Salto,2,Ricardo Nava	danielolasu1970@gmail.com	91775647,,Meade LXD75,"Manopla (no funciona)
Ocular 26mm
Ocular 12mm
Ocular 6mm
Barlow 2X",,,,,,,,,,
,Salto,Salto,1,"Ricardo Nava	danielolasu1970@gmail.com	91775647
Héctor Rodriguez	hecrodriguez@gmail.com	91218713",,Meade LX90,"Manopla
Ocular 40mm
Ocular 26mm
Ocular 12mm
Barlow 2X",,,,,,,,,,
,Salto,Salto,5,Olga Repetto	romina151290@gmail.com	98627355,,,,,,,,,,,,,
,Rocha,Chuy,1,Franco Chapores	francochaporesmolina@gmail.com	98569116,,Tasco modelo 40-060675,"Ocular 25mm
Ocular 12,5mm
Ocular 4mm
Barlow 3X
Buscador 1,5x
Espejo diagonal
Filtro de Luna
Pantalla para proyección solar
Placa negra para proyección solar",,,,,,,,,,
,Rocha,Rocha,1,Carolina Nicodela,,"Celestro 8""
Telescopio Polarex (en desuso)
Telescopio refractor","Ocular SV Bony 40mm
Ocular Celestron 8mm
Barlow 2X
2 ocular Meade 26mm (a uno le falta un lente)
Codo
Láser
Filtro solar
Brújula",,,,,,,,,,
,Rocha,La Paloma,,Ana Acosta	yoseacosta2009@hotmail.com	91214837,,Meade	Celestron 8,"Manopla
Prisma 1,25""
Ocular 32mm
Ocular 17mm
Ocular 13mm
Ocular 6mm
7 filtros
Codo
Filtro lunar","Parte diario e inventario
https://docs.google.com/document/d/120VbIxaOyJdoyGeT-zs2eUCt5UvaFEi8atzO7v4kzxc/edit?usp=sharing",,,,,,,,,
,Rocha,Castillos,,Horario (Carolina Nicodela),,Meade 114EQ AR,"Montura ecuatorial
Ocular 9mm
Ocular 25mm
Buscador
Filtro solar?",,,,,,,,,,
,Rivera,Rivera,5,"Néstor Bustamante        nestorbustamantepereira@gmail.com        94819237
Martin Bilbao	martinmbilbao@gmail.com	99088754",,Meade LX90,"Manopla
Ocular 6mm
Ocular 9mm
Ocular 13mm
Ocular18mm
Ocular 26mm
Ocular 32mm
Ocular 40mm
Barlow 2X
7filtros (moon ND96, Light Red 23A, Yellow 12, Light Yellow, Blue 80A, Green 58A, Dark Blue 38A)
Filtro solar
Brújula
Batería de 12V
Transformador 12V","INVENTARIO del Laboratorio de Ciencia de la Tierra y el Espacio

LICEO No5- RIVERA-
2024

- Contamos con un gabinete exclusivo para el Observatorio Astronómico.
- Un mueble para guardar implementos.
- Telescopio Meade LX90.
- Valija con implementos:
- Manopla.
- 6 Lentes de : 6,9,13,18,26, 32 y 40 mm.
- 1 Barlow 2x
- 7 Filtros: MOON ND96, LIGHT RED 23A, YELLOW 12, LIGHT YELLOW 8,
BLUE 80A, GREEN 58A, DARK BLUE 38A.
- Filtro Solar
- 1 Brújula (viene en el kit del Telescopio)..
- Batería de 12v para utilización de manopla.
- Cargador de batería 6v-12v-24v de la marca VANSON.
- Transformador 220v, de diferentes voltajes.
- Pizarra.
- Calefactor (Personal).
- Ventilador (Personal).
- Láminas de “Estrellas y evolución estelar” y “Carta estelar”.
- Lámina “Evolución del Universo” y “La vía láctea”.
- SQM (Sky Quality Meter) enviado por el director del Observatorio de Montevideo, Raúl
Salvo. Utilizado en el Proyecto de “Contaminación Lumínica”.
- Junto a la visita de la inspectora de Astronomía Reina Pintos, recibimos
distintos obsequios para agregar a los instrumentos de Observatorio:
- Libro: “Manual de prácticas elementales de Astronomía”- Cernuschi,
Fernández y Vaio.
- Libro: Contaminación Lumínica - “Un proyecto de investigación escolar”.
- 2 cartas estelares.
- 11 Revistas “Canopus” de la asociación de aficionados a la Astronomía:
La razón de Galileo.
En reversa.
Ciudad lunar.
Observando la gran mancha roja.
La cara de Marte.
El primer mapa estelar.
El dibujo astronómico.
¿Qué son los puntos Lagrange?
60 aniversario (2012).

Los domos lunares.
35 años del Voyager.
- Lámina de la superficie Marciana.
Además de la partida que llegó al centro a fines de 2021, se agregan otras
herramientas de gran importancia para el Observatorio Astronómico, como lo
son:
- Binoculares.
- Monocular.
- Brújula.
- Láser.

Novedades:
Ventilador personal.

Se agrega al inventario el día 24/04/2023:

En Mapoteca del Liceo:
Láminas
1 carta estelar
1 Sol, Tierra y su atmósfera
1 Fases de la Luna y Eclipses
1 Estrellas y evolución estelar
1 Sistema Solar y Asteroides
1 Evolución del Universo y Vía láctea
En sala de profesores:
1 Router.
1 Smartbreak.
1 cámara de detección de Bólidos (Azotea).

Relevamiento en Biblioteca: ha realizar 11/04/2024

Se agregan el día 09/04/2024, tres libros de propiedad del prof Néstor Bustamante, estos
son:
Astrofísica elemental - Cassinelli, Aldo .
Cosmografía - Charola, Florencio.",,,,,,,,,
,Rivera,Rivera,7,Lorena Leivas (2x8)	lorenapaolaleivasnogueira@gmail.com	92110569,,Meade LX90,"Manopla
Buscador
Filtro solar
Binoculares
Barlow 2X
Ocular 6mm
Ocular 8mm
Ocular 17mm
Ocular 26mm
Ocular 32mm
Filtros de colores (naranja n°21, azul n°80A, verde n°56 y 58, rojo n°25, amarillo n°12, filtro ND 0,9 Luna)",,,,,,,,,,
,Rivera,Rivera,1,Luis Santana	98725395		fernandosantana2112@gmail.com,,"Meade 114EQ AR
Meade LX90","Montura ecuatorial alemana
Ocular 6,4mm
Ocular 25mm
Ocular 40mm
Puntero láser
Filtro de apertura total
Codo
Buscador
Barlow (2x?)
1 Galileoscopio",,,,,,,,,,
,Rivera,Masoller,,"Lorena Leivas",,,,"Al día de la fecha, 20/03/2024, se realiza un nuevo inventarió en el que cuenta con los siguientes
instrumentos y materiales:
Última actualización 30/05/24.
Telescopio Meade 114 EQ-AR
● lente PLÖSSL 6,4 mm MULTI-COATEO
● lente SVBONY PLÖSSL 40 mm
● Lente Barlow

Telescopio Celestron C70 Mini MARK
● Soporte
● Capa
● Caja
Planetario elemental

12 Cartas Estelares: Mapa de los cielos del Sur y Norte de tamaño pequeñas
Calendarios astronómicos de los años; 2006, 2007 y 2009
Libro:
Astronomía primera parte Profesor: Hugo Freire
Láminas:
● Carta estelar (gigante)
● Traslación y rotación de la Tierra",,,,,,,,,
,Rivera,Tranqueras,,Luis Santana	fernandosantana2112@gmail.com	98725395,,"Meade 114EQ AR
Meade LX90","Montura ecuatorial alemana
Ocular 6,4mm
Ocular 25mm
Ocular 40mm
Puntero láser
Filtro de apertura total
Codo
Buscador
Barlow (2x?)
1 Galileoscopio",,,,,,,,,,
,Paysandú,Paysandú,1,"Martin Lacuesta        94575576                mlacuesta@cup.edu.uy      
José Ignacio Pérez        99726023        47224344        astronomia01@gmail.com       ",,"Meade LX90		
Refractor Fuller de 200mm		Nota: faltan piezas","Adaptador 12V
AutoStar Meade","Planificación
https://docs.google.com/document/d/1a70siPFZj6AtL9TET0pqk4zRwnEDfDEY/edit?usp=sharing&ouid=111651804489509068386&rtpof=true&sd=true  
Inventario:
https://drive.google.com/drive/folders/1N2aQ_B9z_jqv0EPjsw98FwR1SLmaC6-B?ths=true",,,,,,,,,
,Paysandú,Paysandú,7,"Héctor Rodriguez	91218713	47336193	hecrodriguez@gmail.com
Antonella Silvestri	98244355	47350320	antosb24@gmail.com",,Meade LXD75,"Buscador
Codo
Manopla
Ocular 26mm
Ocular 12,4mm
Ocular 9mm",,,,,,,,,,
,Paysandú,Paysandú,3,José Ignacio Pérez	astronomia01@gmail.com	99726023,,,,,,,,,,,,,
,Paysandú,Paysandú,8,José Ignacio Pérez	astronomia01@gmail.com	99726023,,"Telescopio Fullers Deluxe Newtonian 222 mm, reflector focal length 1295 mmm, fibra de vidrio","Oculares 10 mm 1
Oculares 18 mm 1
Oculares 15 mm 1
Oculares 6 mm 1
Oculares 26 mm 1
Estensor Barlolu Lens 2
Extensor de oculos 1
Laser 2
Pilas Triple A 4
Porta filtro solar de madera 1
Laminas (filtro solar) 3
Cinta papel 1
Cinta papel de goma adhesiba, de color verde y blanco 1
Adaptador para cedular (para realizar tomas de fotos con el ocular 1
Diapositivas didacticas 67","INMOVILIARIO TOTAL
Mesitas escolares/caño de color Rojo y Azul 2
Calefactor Hometech* 1
Luna Pequeña 3D Moon Lamp 1
Mueble de dos puetas, color blanco, tres estantes 1
Photocall, Hombre de la Luna 1
Dos sillas, una con caño de color rojo y el otro de color azul 2
Un reloj de agujas 1
Cuados de imagenes de: Trazo de estrellas y Luna 2
Banner 1
Carteleras de espuma plas 3
Guada bultos con llaves, cuatro puertas 1
Estanteria, tres anaqueles de metal 1
Mesa 1
UTILES DE LIMPIEZA TOTAL
Palas 2
Escoba 1
Trapopiso 1
Lampaso 1
HERRAMIENTAS TOTAL
Juego de llaves Halen (En caja de Manazzi) 1
Powwer suppl S-25-24 1
Nota* Calefactor es un préstamos provisorio, propiedad del Prof. Pedro Ferret - Celular 099775521

Nota: Bitácora Inventario
*Cada vez que ingresa cualquier recurso material al Observatorio, el inventario se va* actualizando continuamente* en Drive Google
https://docs.google.com/spreadsheets/d/1cV00czTOPsAVC63ALGD5oKsPutIvX7QVbfFhf_csKG8/edit?usp=sharing",,,,,,,,,
,Montevideo,Montevideo,4,"Elizabeth García
Carlos Mariano",,Meade LXD75,"Ocular 26mm
Barlow 2X
Plataforma con ruedas
Cargador de pilas
Ocular 40mm
Laser","Observación: 
Telescopio Meade LXD 75
Schmidt - Newtoniano  con buscador
Meade 6x30 mm

Autostar Telescopio Meade LXD 75


Plataforma con 3 ruedas
Alimentador  a pila p/ autostar
Ocular  Serie 4000 DS Super Plössl 26mm
Ocular Svbony Super Plðssl 40mm
Lente aumento Barlow 2x (Meade)
Green Laser Pointer Meade en estuche
con 2 pilas AAA.
Proyector Acer, Vidialab 3D vision con 
cable VGA
2 Fichas adaptadoras pata plana y redonda,
Cable VGA a VGA-HDMI
Revista Canopus (Enero 2001 a Diciembre 
2018)
Carta estelar regiones circumpolares Sur y 
Norte, desarrollo ecuatorial (Kappa Crucis)
Libro: Astronomica  (H. Fullmann)
Libro: El Cosmos (Bauman M.R.)
Carteleras Amauta: Fases de la Luna-  
Eclipses, Carta estelar ecuatorial-Diagrama
HR,  Sistema Solar-Asteroides y Cometas, 
Evolución del Universo-Vía Láctea, 
Órbita de la Tierra-Estaciones, Tierra y 
Atmósfera-El Sol.
Mapas Geología Lunar , uno por cuadrante
(Sky & Telescope)
Mesa madera alta, con patas de metal 
pintadas de gris.
Bancos altos con asiento de madera y 
patas de hierro.
Escritorio profesor madera enchapada
Silla escritorio madera enchapada gris
Silla escritorio (Milan) forrada en tela negra
Televisor LG 32’
Calo ventilador Kassel
Pizarra blanca mediana
Papelera plástico gris
Armario de madera enchapado (gris)
Manta blanca para cubrir telescopio
Bitácoras del Observatorio (2013, 2015,
2016, 2017, 2018, 2019, 2022, 2023)",,,,,,,,,
,Montevideo,Montevideo,58,"Gerardo Coronel 	gerardocoronel1911@gmail.com	99856870
Matías Pereira	astro1831@gmail.com	96480380
Cristina Rodriguez	cmernis@hotmail.com	91495692",,"Meade LXD75
Galileoscopio
Telescopio construido con caños de PVC","
• Filtro solar.
• Telescopio Meade LXD 75.
• Trípode Fotográfico (“Vanguard”) con su manual.
• Adaptador fotográfico para cámara.
• Barlow 2X.
• Ocular Plôssl 6, 9, 13, 18, 32 mm.
• Ocular Super Plôssl 12.4, 26, 40 mm
• Adaptador pila del telescopio.
• Manopla de Telescopio Meade.
• Telescopio de caño PVC.
• Galileoscopio.
• Manual del Meade LXD 75.
• Caja de oculares y filtros Meade.
• Cámara ccd.
• Binoculares 10x50.
• Cámara Nikon Reflex.
• Tripode para celulares Weifeng WT-330A
• Laser Tourch","https://docs.google.com/document/d/1ymdI1Y6gjRsN1OIFp76zgXVlYdbtYhkbhvkDwkcOvjA/edit?tab=t.0
Biblioteca:
• Curso de Astronomía General, (Bakulin, Kononóvich y Moroz) – Editorial Mir.
• Nueva Astronomía recreativa, (Komarov) – Editorial Mir.
• Por los senderos de la noche, (Pedro Saizar).
• Los tres primeros minutos del universo, (Steven Weinberg).
• El Cosmos, (Herman Bondi).
• El Cosmos en tu Casa, (F. Rabizá).
• Aventura con la astronomía, (Percy Seymour). Tema: como construir un
telescopio.
• El Sol, (Marta Rovira).
• El Sol, (Giorgio Abetti).
• Cien Mil Millones de Soles, (Rudolf Kippenhahn).
• De los Átomos a los Quarks, (James S. Trefil).

• Una estrella llamada Sol, (Geoge Gamow).
• Problemas y ejercicios Prácticos de astronomía, (B.A Vorontsov-Veliaminos).
• Eclipses.
• Mecánica Cuántica, (Pau Artús y Ramon Crehuet).
• Planisferio, (ESO).
• Manual de prácticas elementales de astronomía, (Cernuschi, Fernandez, Vaio.)
• El Universo y Nosotros, (Miguel Levitcharsky).
• La Tierra: Estructura y Dinámica, (Libros de Investigación y Ciencia).
• Observatorio Astronómico de Montevideo (Anuario 1985). 3 copias.
• Astronomía Elemental (Alejandro Feinstein).
• Astronomía Segunda Parte (Prof. Hugo Freire).
• Oficina de Astronomía (Prof. Dr. Joao Batista Garcia Canalle).
• Vida en el Universo (Carlos M. Varsavsky).
• Elementos de Astronomía (Carlos M. Martinez y Aldo A. Cassinelli).
• Elementos de Astrofísica (Aldo A. Cassinelli)
• Elementos de Astronomía (Carlos M. Martinez y Aldo A. Cassinelli).
• El Cometa Halley (Gonzalo Vicino).
• Dos Revistas de contaminación luminica (Instituto “Dr. Manuel C. Rubio” -
Durazno - (CES).
• Manual: Telescopio Meade LXD 75.
• Bitácora del Observatorio del Liceo Benedetti del año lectivo 2017.
• Enciclopedias:
• El Universo, Tomos 1, 2, 3, 4, 5.
• Enciclopedia Sarpe de la Astronomía, Tomo 1 (2 copias), 2, 3, 5 (dos tomos) y
6.
• Viaje a través del Universo.
• Revistas:
• Canopus (34 ejemplares).
• Cartas Estelares:
• 19 ejemplares (11 sin usar y 8 usadas).
Materiales:
• Sky Atlas.
• Seis carteles de Amauta.
• Dos cartas celestes de Kappa Crucis.
• Varias fotos de la ESO y la NASA.
• Globo Terráqueo.
• Dos posters de la Vía Láctea (dos).
• Mapa Lunar (Sky and Telescope).
• Resma de hojas de impresoras.
• Impresoras Brother.
• Equipo de música Digital (con control).
• PC Spire.
• Monitor Emachine.

• Monitor Panavox.
• Teclado Spire.
• Mouses Spire.
• Antena Wi-fi Belkin.
• Pizarra.
• Tres corchitos.
• Estantería.
• Dos armarios.
• Dos escritorios.
• 2 mesas.
• Perchero.
• 3 sillas de escritorio.
• Papelera.
• 33 bancos.
• 3 silla blanca y 1 Gris.
• 2 Cartas Estelares (Kappa Crucis).
• Folletería ALMA.
• Cable alimentación Monitor (VGA).
• Frasco de cascola.
• Lápices y gomas.
• 3 fotografías astronómicas.
• Linterna.
• Póster Space Weather, NASA.
• Estufa de cuarzo, Punktal.
• Proyector con control y cableado (Alimentación)
• Ventilador (Control)
• 3 equipos Ceibal “Can Mayor”
• Caloventilador Panavox.",,,,,,,,,
,Montevideo,Montevideo,72,Herbert Cucurullo,,No tiene,,,,,,,,,,,
,Montevideo,Montevideo,43,Herbert Cucurullo,,No tiene,,,,,,,,,,,
,Montevideo,Montevideo,20,Herbert Cucurullo,,No tiene,,,,,,,,,,,
,Montevideo,Montevideo,10,Oscar Muller	o.seba2016@gmail.com	91321538,,Telescopio LXD75,"Prisma inversor
Ocular 40mm
Ocular 9mm
Lente Barlow 2x
Filtro solar
Adaptador para celular con impresora 3D
Buscador
Anillas
Contrapeso","Observación: El observatorio no cuenta con manopla para uso del telescopio
Montura Ecuatorial",,,,,,,,,
,Montevideo,Montevideo,65,Cristina Rodriguez	cmernis@hotmail.com	91495692,,Meade 114EQ-AR,"Oculares:

1 de 12,4 mm MULTIFOCAL.
1 de 9 mm MA.
1 de 25 mm MA.
Filtros:

1 filtro polarizado #3 con ajuste a cada ocular MEADE.
1 filtro solar “Thousand oaks optical” + manual, con puntos de luz.
2 filtros de PVC transparentes color naranja.
2 filtros de PVC transparentes color azul.","Inventario Observatorio Guyunusa, Liceo 65.

2 cartas estelares Kappa Crucis.
2 láminas Amauta: Luna y Marte.
6 láminas decorativas ""ESO"".
1 ballesta artesanal de conglomerado.
1 CD ROM ""Imagine the Universe"".
1 esfera celeste tamaño escritorio.
1 Tirion, W., Sinnott, R.W. (1998) SkyAtlas 2000.0. Cambridge University.
6 AAA (2002). Canopus. Revista Uruguay de Astronomía. N° 1, 5, 6, 7, 9 y 11. Imprenta Express.
1 Anuario Astronómico 2010. AOM. MEC. AAA. UdelaR. SUA. APAU.
1 Lecturas del Cielo. Libros de Astronomía de la Biblioteca Nacional (Argentina). 2010.
1 Calendario Astronómico 2006. ANEP. CES.
Materiales genéricos:

1 alargue blanco amurado con 5 entradas Schuko.
4 sillas de aula.
1 silla de escritorio.
2 sillas de plástico.
1 escritorio de madera.
1 pizarrón de 1 x 1.50.
1 escalera de madera mediana.
1 escalera metálica pequeña.
1 papelera CES.
1 Etchart, J. (2013). Tan gente. Liceo 65.
",,,,,,,,,
,Montevideo,Montevideo,63,Ana Azambuya	kari21blog@gmail.com	94453860,,Telescopio Tasco 60x700.,"2 oculares, uno de 4 mm otro de 12,5mm y un Barlow
de 2,3X","1 lámina de evolución estelar
1 lamina de estaciones",,,,,,,,,
,Montevideo,Montevideo,61,Carlos Guglielmelli (2x8)	cgge@adinet.com.uy	99124953,,Meade LXD75,"Ocular 40mm
Ocular 26mm
Ocular 6,4mm
Barlow 2X
Filtro solar ",,,,,,,,,,
,Montevideo,Montevideo,26,Raúl Salvo,,"Meade LXD75	Nota: Fallo en freno en AR
Galileoscopio	","Prisma diagonal 1,25""
Barlow
Ocular 40mm
Ocular 26mm
Ocular 6,4mm
Filtro solar",,,,,,,,,,
,Montevideo,Montevideo,9,Adrian Basedas (2x8)	abasedas@adinet.com.uy	99037994,,Meade LX90,"Ocular 32mm
Ocular 26mm
Ocular 18mm
Ocular 13mm
Ocular 9mm
Ocular 6mm
Barlow 2X
Filtros (n°8,58A,12,38A,80A,23A,ND96)
Filtro solar 
Cámara SVBONY SV105","Telescopios en calidad de prestamos			Reflector ""Amateur Astronomer Telescope""			Nota: con accesorios
			Reflector NORICO			
			Galileoscopio			",,,,,,,,,
,Montevideo,Montevideo,6,"Carlos Mariano (1x8)	camf2210@gmail.com	98929587
Jesús Méndez (2x8)	2circinus@gmail.com	94310293
Ricardo Silva	ricardosilvacabrera@gmail.com	91016387",,Meade LT,"Filtro solar 
Ocular 40mm
Ocular 26mm
Ocular 12,4mm
Codo
Cámara de foto agfa photo 8mp","(Año 2022 - Luca Salle, Ricardo Silva y Matías Rosas)

Telescopio: Meade LT (20cm Apertura)

Filtro Solar: NÓ S

Oculares: 26, 12,4, 40

Codo: Si

Barlow (2X): Si

Filtros: (Luna, etc) No

Cámara: de fotos agfa photo 8mp

Laser: no

Atlas: no

Cartas Lunares: no

Cartillas para colgar: (AMAUTA) Si

Televisión punktal vector

Proyector

PC que no funciona (Windows 2000)

Juego de geometría de pizarrón

Aire acondicionado

Colección fotos CES 1945

Cuadros ESO y Natgeo

Sensor de Muones para proyecto CREDO.

Diapositivas de proyector Space Telescope Science Institute

Revista Canopus varias",,,,,,,,,
,Montevideo,Montevideo,3,"Hector Roldos (2x8)	hroldos@gmail.com	94080496
Daniel Fernandez (1x8)	danielfernandezgonza@gmail.com	93611676",,"Meade LX90
Refractor T. Cooke & Sons Ltd.","Ocular 26mm
Oculares varios para el refractor
Acodado de espejo plano
Buscador
Manopla
Fuente de limentación
Filtro solar",,,,,,,,,,
,Montevideo,Montevideo,2,Jorge Ramirez (2x8)	jorgegustavoramirez12@gmail.com	99371101,,Meade LX90,"Ocular 40mm
Ocular 20mm
Ocular 6,4mm
Brlow 2X
Prisma adaptador
Trípode de alumunio
Filtro solar",,,,,,,,,,
,Montevideo,Montevideo,13,"BRUNO MARECO
CONTACTO: BMARECOREBALCO@GMAIL.COM",,,,"En 2024, por primera vez, se instauró el espacio de Laboratorio de Ciencias del Espacio y
Tecnologías Aplicadas en el Liceo 13. Sin embargo, si bien existe el espacio, no se dispone de los
recursos elementales para llevar a cabo dicho laboratorio.
Realizando un recorrido por los demás laboratorios y sala de informática, se encontró que el total de
computadoras funcionando es de menos de un tercio del total de computadoras disponibles
(aproximadamente cuatro están funcionando). Además, es requisito reservar sala de informática
para disponer de las pocas computadoras. Lo mismo ocurre con la sala de videoconferencias.
Por otro lado, si bien se designó un salón como espacio de Laboratorio, no se disponen de
telescopios de ningún tipo y tampoco se encontraron elementos ópticos similares en el laboratorio
de Física.
En cuanto al salón designado, últimamente se encontró que tiene desperfectos en su cerradura. Esto
llega a imposibilitar su uso en algunos casos, requiriendo de un cerrajero.
Con estos datos recopilados en el liceo 13, se concluye que es necesario realizar un equipamiento
elemental del espacio de Laboratorio. Mínimamente son necesarias computadoras (Plan Ceibal), y
algún instrumento como un telescopio y un televisor.
Se aguarda a que se noten las carencias de dicho espacio y se logre de forma paulatina mejorar las
condiciones para poder brindar una educación de calidad al estudiantado de Ciencias del Espacio y
Tecnologías Aplicadas.",,,,,,,,,
,Montevideo,Montevideo,1,,,,,,,,,,,,,,
,Montevideo,Montevideo,14,Hector Roldos 	hroldos@gmail.com	94080496,,,,,,,,,,,,,
,Montevideo,Montevideo,15,Magela Pérez (2x8)	magepv@gmail.com	91436505,,,,,,,,,,,,,
,Montevideo,Montevideo,18,Carlos Mariano 	camf2210@gmail.com	98929587,,,,"Inicialmente sería acondicionado por Docentes y Adscripto, pero para ello
requerimos de algunos materiales de trabajo que permitan comenzar a ponerlo en práctica
como espacio de trabajo y aprendizaje.
Para el acondicionamiento del espacio físico: materiales de limpieza y todo lo
referente a pintura.
Para el laboratorio: Telescopio, ceibalitas, láser, material didáctico específico de
Ciencias del Espacio, calculadoras científicas, lapiceras, lápices, pizarra, marcadores de
pizarra, útiles de geometría, sillas y mesas de aula, escritorio, armario, alargues.",,,,,,,,,
,Montevideo,Montevideo,19,Gerardo Coronel 	gerardocoronel1911@gmail.com	99856870,,El Liceo no cuenta con instrumental astronómico.,,"Bibliografía disponible:
- Elementos de Astrofísica, de Aldo Cassinelli (2)
- Astrolabio, de Eduardo Moreira y Diego de Álaba (2) + 23 solicitados en Abril
2024, total (25).
- Atlas de Astronomía, de I.Puig, S.J. (1)
- Atlas de Astronomía- “Descubrir el Universo” (2)
- Además, solo 2 algunas Cartas Estelares y escasos libros con contenidos
vinculados con la Asignatura.",,,,,,,,,
,Montevideo,Montevideo,25,Matías Pereira	astro1831@gmail.com	96480380,"Horarios

Martes Jueves

16:30 a 19:30 16:30 a 19:30",,,,,,,,,,,,
,Montevideo,Montevideo,28,Bruno Peculio	brunopq@gmail.com	99648221,,,,,,,,,,,,,
,Montevideo,Montevideo,36,Ricardo Silva	ricardosilvacabrera@gmail.com	91016387,,,,,,,,,,,,,
,Montevideo,Montevideo,38,Bruno Mareco	bmarecorebalco@gmail.com	92725898,,,,,,,,,,,,,
,Montevideo,Montevideo,48,Marcelo Cabrera 	cabreramarcelo24@gmail.com	98929144,,Un telescopio modelo TRAVEL 70400.,"Principales características:

Longitud focal: 400 mm.
Diámetro: 70 mm.
Buscador.
Codo y barlow x 1.5 y 3.0.
Oculares: H6 mm. y H20 mm.
Trípode y montura.","Cartelera informativa.
Seis carteles didácticos doble faz de Editorial Amauta.
Lugar físico interno del laboratorio en el Liceo: Sin un lugar definido.
Lugar exterior en donde se realizan las observaciones: Patios exteriores del Liceo.
Un cuaderno bitácora en donde se llevan registros de todas las actividades que se han realizado, incluyendo los nombres de los participantes en dichas instancias.",,,,,,,,,
,Montevideo,Montevideo,68,Ana Azambuya kari21blog@gmail.com,,,,"Relevamiento de materiales del Laboratorio de Ciencias del Espacio y Tecnologías aplicadas del Liceo 68 “Dra. Paulina Luisi”

	El laboratorio desempeña actividades en el espacio de la biblioteca liceal.
	Acorde a los horarios del liceo este espacio se desarrolla en multiturno.
	Los materiales que hay son únicamente los del biblioteca, no hay instrumental ni cartelería.
	Se relevan los libros que hay en la biblioteca sobre astronomía.

Libros:
Galadí-Enríquez, D., & Gutiérrez, C.  Astronomía General. 2001. Editorial Omega. España
Fullmann, H.G. Astronómica. 2007. Editorial. Barcelona.
Cassinelli, A.  Elementos de Astrofísica. 2003. Editorial Kapeluz. Uruguay.
Cassinelli, A.  Elementos de Astronomía. 2007. Editorial Kapeluz. Uruguay.
Cassinelli, A.  Elementos de Astronomía y Astrofísica. 2009. Editorial Del Palacio. Uruguay.
Freire, H.  Astronomía Parte 2. 1981. Editorial Monteverde. Uruguay. 2 ejemplares
Cernuschi, F., & Fernánde,J., Vaio, A. Manual de prácticas elementales de Astronomía. 2009. Editorial: Cátedra de Astronomía de la Facultad de Humanidades y Ciencias. Uruguay. 2 ejemplares
Moreira, E., M. de Alava,D.  Astrolabio. 2008. Editorial Contexto. Lugar de publicación. 7 ejemplares
Viccino, G.  Las estrellas. (1987?). Editorial Monteverde. Uruguay. 5 ejemplares

Anuarios:

C.E.S., Fac. De Ciencias, O.A.M .  Anuario Astronómico 2011. 2011. Departamento de Proveduría de Educación Secundaria. Uruguay. 4 ejemplares
 C.E.S., Fac. De Ciencias, O.A.M.  Anuario Astronómico 2009. 2009.  Departamento de Proveduría de Educación Secundaria. Uruguay. 2 ejemplares
C.E.S., Fac. De Ciencias, O.A.M.  Anuario Astronómico 2008. Departamento de Proveduría de Educación Secundaria. Uruguay. 3 ejemplares.

Cartas estelares:

Más, A., Scarpa.D. Cartas estelares.  Kappa Crucis. Montevideo, Uruguay.  35 cartas estelares






	Realizado por Karina Azambuya para su presentación al director del Observatorio Astronómico de Montevideo.
",,,,,,,,,
,Lavalleja,Minas,1,Rodrigo Sierra (2 x 8)	99268348	44433474	rsierra007@gmail.com,,"Unitron (D=102mm)
Meade","Buscador Unitron
Montura ecuatorial alemana + pilar (Unitron)
Ocular Unitron 60mm
Ocular Unitron 25mm
Ocular Unitron 18mm
Ocular Unitron 12,5mm
Ocular Unitron 9mm
Ocular Unitron 9mm
Ocular Unitron 7mm
Porta ocular acodado Deutron
Porta ocular múltiple Unihex
Adaptador para ocular 1,25""
Barlow 2X
Filtro Solar
Ocular Meade 40mm
Ocular Meade 26mm
Ocular Meade 6,4mm
Barlow 2X Meade
Filtro para oculares Meade
Ocular ProOptic 32mm
Ocular ProOptic 26mm
Barlow 2X ProOptic
Ocular 10mm
Cámara LPI Meade
Ocular Electrónico Meade
Binoculares 9x63mm Meade",,,,,,,,,,
,Lavalleja,José Pedro Varela,,Lucía Ramirez	lumarlene88@hotmail.com	91098054,,,,,,,,,,,,,
,Florida,Florida,1,Hebert Ferrari (2 x 8)	99001596	43522535	hebo67@gmail.com,,"Meade LX90 8""
Saxon (D=130mm, f900)
Telescopio Newtoniano (Con montura)","Oculares
Filtro solar
Montura Saxon
Oculares saxon","CONCEPTO CANTIDAD DESCRIPCIÓN - MARCA N° IDENTIFICACIÓN ESTADO
B R M

Telescopio 1 MEADE LX 90 Reflector Schmidt - Cassegrain 8” 107653 X
AudioStar Handbox (control de mano) 1 MEADE 07640 X
Kit de accesorios Telescopio LX 90 1 Oculares, Filtro, Manuales X
Montura Telescopio 1 MEADE X
Montura Telescopio 1 (Para Telescopio Saxon) X
Telescopio 1 Saxon (D130mm f900mm) (Donación) X
Accesorios Telescopio Saxon 1 Oculares, Montura, Clock Drive. X
Telescopio 1 REFLECTOR NEWTONIANO (con montura) X
Modelo reloj solar metálico 1 X
Modelo reloj solar madera 1 X
Tubos de descarga para espectros 8 4 1 3
Lentes cartón para espectros 8 6 2
Filtro UV (vidrio máscara soldar) 2 1 1
Prisma de vidrio 3 1 1 1
POSTER 1 MAPA CUADRANTES LUNARES X
POSTER MURAL 1 LUNA. MAPA CHICO DE LUNA X
POSTER MURAL 1 MARTE. SUPERFICIE MARCIANA X
POSTER MURAL 1 MURAL ESTRELLAS Y CONSTELACIONES. X
CARTA ESTELAR 2 KAPPA CRUCIS X
POSTER MURAL 1 La Influencia Humana en el Cambio Climático X
POSTER 1 VÍA LÁCTEA X

POSTER 1 FENÓMENO “EL NIÑO” X
POSTER 1 RADIACIONES ELECTROMAGNÉTICAS X
CARTAS ESTELARES INDIVIDUALES 40 Kappa Crucis 30 10
CARTAS ESTELARES INDIVIDUALES 11 CES X
FOTOGRAFÍAS ASTRONÓMICAS 30 CES (años 1945-46 y otros) X
FOTOGRAFÍAS ASTRONÓMICAS 15 CES (año 1982) X
MUEBLE 1 MDF 4 puertas, 4 estantes. X
MUEBLE 1 VITRINA DE MADERA X
MESAS 3 MADERA X
ESCRITORIO 1 X
SILLAS 10 5 5
Laptop 1 Wezen - Win10 - Ceibal Código: 032KWX01381 X
Laptop 1 Wezen - Win10 - Ceibal Código: 032KWX01319 X
Laptop 1 Wezen - Win10 - Ceibal Código: 032KWX01323 X",,,,,,,,,
,Florida,Casupá,,,,"Telescopio KONUSTAR-900B, apertura 60mm, F900mm/ 15- Equatorial Refractor","OA 090 Tripode con porta objetos/oculares 1 unidad
OA 091 Prisma 1 unidad
OA 092 Ocular 8mm 1 unidad
OA 093 Ocular 20mm 1 unidad
OA 094 Barlow 2x 1 unidad
OA 095 Buscador 1,5x 1 unidad
OA 096 Adaptador para celular 1 unidad","MATERIALES DE OBSERVATORIO DEL LICEO DE CASUPÁ 2024

MODELOS

N° orden Descripción Cantidad
OA 001 Globo con cuadrícula celeste 1 ejemplar
OA 002 Globo con bóveda celeste 1 ejemplar
OA 003 Simulador ecplipses 1 ejemplar
OA 004 Globo terráqueo 1 ejemplar
OA 005 Maqueta bóveda celeste 1 ejemplar
OA 006 Maqueta de antena satelital 1 ejemplar

CARTELES

N° orden Descripción Cantidad
OA 007 Nociones generales de Cosmografía 1 ejemplar
OA 008 Planisferio temático - Usos horarios 1 ejemplar
OA 009 Elementos fundamentales de la Esfera Celeste 1 ejemplar
OA 010 Sistema Solar - Asteroides 1 ejemplar
OA 011 La causa de las Estaciones 1 ejemplar
OA 012 Estrellas y Evolución Estelar - Carta estelar (desarrollo ecuatorial) 1 ejemplar
OA 013 La Vía Láctea - Evolución del Universo 1 ejemplar
OA 014 Fases de la Luna - Eclipses 1 ejemplar
OA 015 El Sol - La Tierra y su atmósfera 1 ejemplar
OA 016 Carta Estelar 1 ejemplar

IMÄGENES EN PLACAS: GALAXIAS

N° orden Descripción Cantidad
OA 017 Galaxias espirales. M101 de la Osa Mayor y NGC 4565 de la Cabra 2 ejemplares
OA 018 Galaxia NGC 5128. Radiofuente Centauro A 2 ejemplares
OA 019 Galaxia H-I 84 Espirales Barradas, SBB (constelación de la Cabel) 2 ejemplares
OA 020 Nube Magallánica Mayor 2 ejemplares
OA 021 Galaxia M 81 2 ejemplares

OA 022 Galaxia NGC 488 2 ejemplares
OA 023 Grupo de galacias de Stephan 2 ejemplares
OA 024 Galaxia NGC 175 2 ejemplares
OA 025 Galaxia elíptica NGC 4486 (M87) 2 ejemplares
OA 026 Galaxia M33 2 ejemplares
OA 027 Galaxia NGC 1201 2 ejemplares
OA 028 Galaxia Ngc 1300 2 ejemplares
OA 029 Cúmulo de galaxias en coma Berenices 2 ejemplares
OA 030 Galaxia elíptica NGC 3115 2 ejemplares
OA 031 Nube Magallánica Menor y Cúmulo de Tucán 4 ejemplares

IMÄGENES EN PLACA: SOL

N° orden Descripción Cantidad
OA 032 El Sol (rotación) 4 ejemplares
OA 033 Anillo de Diamante en el eclipse de Sol 12-XI-966 4 ejemplares

IMÄGENES EN PLACA: LUNA

N° orden Descripción Cantidad
OA 034 Luna de 3 días 4 ejemplares
OA 035 Luna de 8 días 4 ejemplares
OA 036 Luna Llena 4 ejemplares
OA 037 Luna de 22 días 4 ejemplares
OA 038 Detalle de la superficie lunar (zona adyacente al cráter Tycho) 4 ejemplares
OA 039 Detalle de la superficie lunar (cadena montañosa de los Apeninos) 4 ejemplares
OA 040 Detalle de la superfcie lunar (ampliación del cráter Copérnico) 4 ejemplares

IMÄGENES EN PLACAS: Orión - Cúmulo

N° orden Descripción Cantidad
OA 041 Constelación de Orión 4 ejemplares
OA 042 Ampliación de la Constelación de Orión 4 ejemplares
OA 043 Cúmulo del Tucán 4 ejemplares

IMÄGENES EN PLACAS: VARIAS

N° orden Descripción Cantidad
OA 044 Coleta ""Eclipse"" (1948-L) 3 ejemplares
OA 045 Fotografía parcial del cielo circumpolar austral tomada en Montevideo 3 ejemplares

LIBROS

N° orden Autor Título Editorial Fecha
OA 046 Van Andrew Ayer y hoy del átomo Sudamericana 1957
OA 047 Ardley Neil y otro El Universo Vidorama
OA 048 Ardley Neil y otro El Universo Vidorama
OA 049 Moreira Ed. y otros Astrolabio Contexto 2008
OA 050 Freire Hugo Fundamento y evolución del calen... MEC
OA 051 Freire Hugo Fundamento y evolución del calen... MEC
OA 052 Haggerty James La magna cosecha del Espacio ho... Force Asotiation
OA 053 Obs. Astronómico El Cometa Haley Tall. C.E.S. 1985
OA 054 Cassinelli Aldo Elementos de la Astronomía y Ast.. Del Palacio 2007
OA 055 Llambia José Observación del Eclipse Anular T. Buena Prensa 1919
OA 056 Ag.Desar. Intern... Tecnología de la era Espacial para...
OA 057 Needell A. Los primeros 25 Años en el Espacio Revertee 1986
OA 058 Casinnelli A. y otro Elementos de Astronomía Signo 1970
OA 059 Casinnelli A. y otro Elementos de Astronomía Signo 1973
OA 060 Martínez C. y otro Elementos de Astronomía Kapelusz-Uruguay 2007
OA 061 Adams Peter La Luna, Marte y los meteoritos Akal 1984
OA 062 Geological Muss... Historia de la Tierra Akal 1981
OA 063 Trackray John La edad de la Tierra Akal 1980
OA 064 Vicino Gonzalo Prácticas de Astronomía Monteverde
OA 065 Weart Spencer El calentamiento global Océano 2006
OA 066 Cooper Jr Henry La imagen de Saturno Juventud 1986
OA 067 Oberg Alcestis Viajeros espaciales de los 80 Y 90 Prisma 1987
OA 068 Fernández Héctor Planetario Municipal. Fases de la... IMM 1976

OA 069 Fernández Héctor Planetario Municipal. Fases de la... IMM 1976
OA 070 Fernández Héctor Planetario Municipal. Fases de la... IMM 1976
OA 071 Fernández Héctor Planetario Municipal. Fases de la... IMM 1976
OA 072 Alcuri Gustavo Planetario Municipal. El sistema s... 1975
OA 073 Alcuri Gustavo Planetario Municipal. El sistema s... 1995
OA 074 Fernández Héctor Planetario Municipal. Traslación d... 1978
OA 075 Fernández Héctor Planetario. Traslación de la Tierra 1962
OA 076 Colección Didáctica de rocas, mie... Inst. Geológico
OA 077 López Francisco Galeleo Hombre De Ciencia Ediciones Sm
OA 078 Wells Robert La Vida Del Hombre En El Espacio Lib. Mexicanos U. 1962
OA 079 Cassinelli Aldo Elementos de Astrofísica Signo
OA 080 Cassinelli Aldo Elementos de Astrofísica Signo 1970
OA 081 Reyes Alberto Elementos De Cosmografía Monteverde 1957
OA 082 Asimov Isaac El Universo Alianza 1986
OA 083 Vecino Gonzalo El Cometa Halley Ihw 1985
OA 084 Abetti G. Historia De La Astronomía Breviarios 1956
OA 085 Kohler Pierre La Meteorología, el tiempo y las e... De Par En Par
OA 086 Marshack Alexan.. El mundo en el espacio Plaza & Janes. 1964
OA 087 Galadí David Astronomía general Omega 2001
OA 088 Cernuschi y otros Manual de Astronomía UDELAR",,,,,,,,,
,Flores,Trinidad,1,Fabian regalado	98899549	43641733	fabianregaladoces@gmail.com,,"Meade LXD75
Saxon 767 AZ (76mm)
Telescopio 76mm","Filtro solar Meade
Portapilas Meade
Ocular TN Multi 2X
Barlow 3X
Ocular 6,4mm
Ocular 12,5mm
Ocular 14mm
Ocular 25mm
Ocular 40mm",,,,,,,,,,
,Durazno,Sarandí de Yi,,María José Cuebas,,,,"En el liceo de Sarandí del Yí se creó un espacio dentro del laboratorio CEILAB el cual
cuenta con:
Conectividad
Disponibilidad de medios audiovisuales
Carta estelar enviada por el SIAC
Carta estelar en tamaño A4. (20)
Modelo básico del sistema solar mecánico (con algunos desperfectos,
funcionando de manera manual.)",,,,,,,,,
,Durazno,Durazno,1,"Luis Alvarez	erickamoneandres1@gmail.com	94121963
Claudia reyes	claudia1969dani@hotmail.com	91653727",,,,,,,,,,,,,
,Colonia,Carmelo,2,Federico Severio        98829590                fjseverio@gmail.com,,Meade LX90,"Manopla
Transformador para telescopio
Brújula
Puntero láser
Ocular 26mm
Ocular 12,4mm
Ocular 6,4mm
Barlow 2X
Filtro de Luna
Espejo de repuesto",,,,,,,,,,
,Colonia,Conchillas,1,,,,,"Solicita filtro
no aparece en lista",,,,,,,,,
,Colonia,Colonia,1,Diego Goméz	98591036,,"Meade LXD75
Sky Watcher Explorer 200P
Refractor 50x50 (no funciona)","Trípode ecuatorial meade
Trípode HEA 5 PRO GO TO
Ocular 40mm
Ocular 26mm
Ocular 6,4mm
Barlow 2X
Prisma Meade
Filtro solar
Autostar Meade
Autostar Sky Watcher
Transformadores para ambos telescopios con clables de conexión de la mánopla al seguimiento
Adaptador de 2""
Adaptador para cámara
Porta pilas para telescopio Meade",,,,,,,,,,
,Colonia,Nueva Palmira,,Guillermo Osorio	98259975		grosorio@adinet.com.uy,,"Meade LX90 8""","Ocular 6,4mm
Ocular 40mm
Filtro solar
Manopla
Brújula
Transformador Meade
Prisma diagonal
Buscador
Adaptador 2X",,,,,,,,,,
,Colonia,Nueva Helvecia,,Alvaro Suárez	99441567		kaiserlando0483@hotmail.com,,"Celestron NexStar 8""","Manopla (no funciona)
Ocular 40mm
Ocular 16mm
Ocular 9,5mm
Ocular 7mm
Ocular 5mm",,,,,,,,,,
,Colonia,Colonia Valdense,,Alvaro Suárez	kaiserlando0483@hotmail.com	99441567,,,,,,,,,,,,,
,Colonia,Colonia,2,Diego Goméz	dvalentingomez@hotmail.com	98591036,,,,,,,,,,,,,
,Colonia,Rosario,,Roberto Rosso	drossosacco@gmail.com	99080273,,,,,,,,,,,,,
,Colonia,Juan Lacaze,,Roberto Rosso	drossosacco@gmail.com	99080273,,,,,,,,,,,,,
,Cerro Largo,Melo,2,Ana Laura Cabrera	99628533		lauracabrera20@gmail.com,,Meade de 20cm 		Newton ,"2 oculares 40mm
Ocular 26mm
Barlow 2X",,,,,,,,,,
,Artigas,Artigas,1,Maria Nuñez	mariajuliansuarez2@gmail.com	94366538,,,,,,,,,,,,,
,Artigas,Bella Union,2,Diego de los Santos		92679940,,,,,,,,,,,,,
,Artigas,Artigas,2,Julia Cardozo	liliana.cardozo@docente.ceibal.edu.uy	98546352,,,,,,,,,,,,,
,Cerro Largo,Melo,1,Henry Olivera	henryoliveracla@gmail.com	99759413,,,,,,,,,,,,,
,Cerro Largo,Rio Branco,,Ana Laura Cabrera	lauracabrera20@gmail.com	99628533,,Meade 114EQ-AR,Ocular 25mm,,,,,,,,,,
,Cerro Largo,Melo,3,Gabriela Márquez	gabrielamarquezgeo@hotmail.com	98445513,,,,,,,,,,,,,
,Cerro Largo,Melo,4,Gabriela Márquez	gabrielamarquezgeo@hotmail.com	98445513,,,,,,,,,,,,,
,Maldonado,Maldonado,1,Ana Cabrera (2 x 8)        98281394        42241372        anaelizcabrera@gmail.com,,Meade 114,"Filtro solar
Ocular 25mm
Ocular 9mm","Nota: Montura ecuatorial, sin seguimiento 
Nota: Ambos oculares requieren de mantenimiento",,,,,,,,,
,Maldonado,Pan de Azucar,,Elides Iriarte	biancyn@gmail.com	98648213,,,,,,,,,,,,,
,Maldonado,San Carlos,1,Ivanna Machin	fiorellamachin07@gmail.com	97713281,,,,,,,,,,,,,
,Maldonado,Piriápolis,,Alfredo Silvera	alfredosilvera24@gmail.com	98770916,,,,,,,,,,,,,
,Maldonado,Punta del Este,,Cristina Bueno (2x8)	csbacsba@gmail.com	97308397,,,,,,,,,,,,,
,Maldonado,Maldonado,4,Ana Cabrera (2 x 8)	anaelizcabrera@gmail.com	98281394,,,,,,,,,,,,,
,Maldonado,San Carlos,2,Guatama García	guatamagarcia@gmail.com	98160078,,No tiene,No tiene,,,,,,,,,,
,Maldonado,Maldonado,6,Ruben Freire	rubendariofreirecorbo@gmail.com	98443040,,,,,,,,,,,,,
,Río Negro,Fray Bentos,,David Grecco	davidgreccososa@gmail.com	99487057	45606729,,,,,,,,,,,,,
,Río Negro,Young,,VACANTE,,,,,,,,,,,,,
,Treinta y Tres,Treinta y Tres,1,"Lucía Ramírez	lumarlene88@hotmail.com	91098054
Claudia Moreira	sofyyseba21@gmail.com	99551365",,Meade 114EQ-AR,,,,,,,,,,,
,Treinta y Tres,Vergara,,Yane Bentancur	ydbc75@gmail.com	98130964,,,,,,,,,,,,,